:020000040800F2
:1000000000800020293F0008D3130008D513000802
:10001000D7130008D9130008DB1300080000000004
:10002000000000000000000000000000DD130008D8
:10003000DF13000800000000E1130008E3130008CC
:10004000793F0008793F0008E5130008793F000870
:10005000793F0008793F0008793F0008793F0008A0
:10006000793F0008793F0008793F0008793F000890
:10007000793F0008793F0008793F0008F513000830
:10008000793F0008793F0008793F0008793F000870
:10009000793F0008793F0008793F0008793F000860
:1000A000793F0008793F0008793F0008793F000850
:1000B000793F0008793F0008793F0008793F000840
:1000C000793F0008793F0008793F0008793F000830
:1000D000793F0008793F000805140008793F0008BF
:1000E000793F0008793F000815140008793F00089F
:1000F000793F0008793F0008793F0008793F000800
:10010000793F0008793F000825140008793F00086E
:10011000793F0008793F0008793F0008793F0008DF
:10012000793F0008793F0008793F0008793F0008CF
:08013000793F0008793F000847
:1001380010B5054C237833B9044B13B10448AFF319
:1001480000800123237010BD38010020000000004A
:10015800F039010808B5034B1BB103490348AFF355
:10016800008008BD000000003C010020F0390108B3
:10017800034613F8012B002AFBD1181A01387047DF
:1001880081F0004102E000BF83F0004330B54FEA40
:1001980041044FEA430594EA050F08BF90EA020FAD
:1001A8001FBF54EA000C55EA020C7FEA645C7FEA40
:1001B800655C00F0E2804FEA5454D4EB5555B8BF63
:1001C8006D420CDD2C4480EA020281EA030382EAD4
:1001D800000083EA010180EA020281EA0303362D66
:1001E80088BF30BD11F0004F4FEA01314FF4801C39
:1001F8004CEA113102D0404261EB410113F0004F4B
:100208004FEA03334CEA133302D0524263EB430301
:1002180094EA050F00F0A780A4F10104D5F1200E9F
:100228000DDB02FA0EFC22FA05F2801841F10001FA
:1002380003FA0EF2801843FA05F359410EE0A5F1CE
:1002480020050EF1200E012A03FA0EFC28BF4CF0FF
:10025800020C43FA05F3C01851EBE37101F00045B5
:1002680007D54FF0000EDCF1000C7EEB00006EEBC2
:100278000101B1F5801F1BD3B1F5001F0CD349084C
:100288005FEA30004FEA3C0C04F101044FEA4452A3
:1002980012F5800F80F09A80BCF1004F08BF5FEA2A
:1002A800500C50F1000041EB045141EA050130BD0A
:1002B8005FEA4C0C404141EB0101013C28BFB1F51C
:1002C800801FE9D291F0000F04BF01460020B1FA67
:1002D80081F308BF2033A3F10B03B3F120020CDA3A
:1002E8000C3208DD02F1140CC2F10C0201FA0CF018
:1002F80021FA02F10CE002F11402D8BFC2F1200C7D
:1003080001FA02F120FA0CFCDCBF41EA0C01904032
:10031800E41AA2BF01EB0451294330BD6FEA04047B
:100328001F3C1CDA0C340EDC04F11404C4F1200266
:1003380020FA04F001FA02F340EA030021FA04F378
:1003480045EA030130BDC4F10C04C4F1200220FACF
:1003580002F001FA04F340EA0300294630BD21FA0D
:1003680004F0294630BD94F0000F83F4801306BFD3
:1003780081F480110134013D4EE77FEA645C18BFC7
:100388007FEA655C29D094EA050F08BF90EA020F5E
:1003980005D054EA000C04BF1946104630BD91EA56
:1003A800030F1EBF0021002030BD5FEA545C05D159
:1003B8004000494128BF41F0004130BD14F5800498
:1003C8003CBF01F5801130BD01F0004545F0FE410C
:1003D80041F470014FF0000030BD7FEA645C1ABF41
:1003E800194610467FEA655C1CBF0B46024650EA78
:1003F800013406BF52EA033591EA030F41F40021A4
:1004080030BD00BF90F0000F04BF0021704730B529
:100418004FF4806404F132044FF000054FF00001FE
:1004280050E700BF90F0000F04BF0021704730B5BF
:100438004FF4806404F1320410F0004548BF404294
:100448004FF000013EE700BF42004FEAE2014FEAE9
:1004580031014FEA02701FBF12F07F4393F07F4FC4
:1004680081F06051704732F07F4208BF704793F0C7
:100478007F4F04BF41F40021704730B54FF46074DA
:1004880001F0004521F000411CE700BF50EA0102DD
:1004980008BF704730B54FF000050AE050EA010286
:1004A80008BF704730B511F0004502D5404261EBF6
:1004B80041014FF4806404F132045FEA915C3FF437
:1004C800D8AE4FF003025FEADC0C18BF03325FEAD4
:1004D800DC0C18BF033202EBDC02C2F1200300FA85
:1004E80003FC20FA02F001FA03FE40EA0E0021FAAA
:1004F80002F11444BDE600BF4FF0FF3C06E000BF28
:100508004FF0010C02E000BF4FF0010C4DF804CD94
:100518004FEA410C7FEA6C5C4FEA430C18BF7FEA54
:100528006C5C1BD001B050EA410C0CBF52EA430C82
:1005380091EA030F02BF90EA020F0020704710F102
:10054800000F91EA030F58BF994208BF90422CBF91
:10055800D8176FEAE37040F0010070474FEA410C8A
:100568007FEA6C5C02D150EA013C07D14FEA430CA8
:100578007FEA6C5CD6D152EA033CD3D05DF8040B19
:10058800704700BF8446104662468C46194663464B
:1005980000E000BF01B5FFF7B7FF002848BF10F122
:1005A800000F01BD4DF808EDFFF7F4FF0CBF012067
:1005B80000205DF808FB00BF4DF808EDFFF7EAFFE3
:1005C80034BF012000205DF808FB00BF4DF808ED9E
:1005D800FFF7E0FF94BF012000205DF808FB00BF93
:1005E8004DF808EDFFF7CEFF94BF012000205DF81D
:1005F80008FB00BF4DF808EDFFF7C4FF34BF01202A
:1006080000205DF808FB00BF4FEA410212F5001216
:1006180015D211D56FF47873B3EB625212D94FEA41
:10062800C12343F0004343EA505311F0004F23FA2B
:1006380002F018BF404270474FF00000704750EA80
:10064800013005D111F0004008BF6FF0004070473D
:100658004FF00000704700BF80F0004002E000BF8C
:1006680081F0004142001FBF5FEA410392EA030F95
:100678007FEA226C7FEA236C6AD04FEA1262D2EBDF
:100688001363C1BFD218414048404140B8BF5B42E4
:10069800192B88BF704710F0004F40F4000020F07D
:1006A8007F4018BF404211F0004F41F4000121F093
:1006B8007F4118BF494292EA030F3FD0A2F10102DD
:1006C80041FA03FC10EB0C00C3F1200301FA03F11B
:1006D80000F0004302D5494260EB4000B0F5000F3E
:1006E80013D3B0F1807F06D340084FEA310102F1FD
:1006F8000102FE2A51D2B1F1004F40EBC25008BFAF
:1007080020F0010040EA03007047490040EB000078
:10071800013A28BFB0F5000FEDD2B0FA80FCACF179
:10072800080CB2EB0C0200FA0CF0AABF00EBC250A6
:1007380052421843BCBFD0401843704792F0000F94
:1007480081F4000106BF80F400000132013BB5E7E7
:100758004FEA41037FEA226C18BF7FEA236C21D05D
:1007680092EA030F04D092F0000F08BF08467047C2
:1007780090EA010F1CBF0020704712F07F4F04D190
:10078800400028BF40F00040704712F100723CBFA3
:1007980000F50000704700F0004343F0FE4040F4CD
:1007A800000070477FEA226216BF08467FEA23638B
:1007B8000146420206BF5FEA412390EA010F40F476
:1007C800800070474FF0000304E000BF10F00043C2
:1007D80048BF40425FEA000C08BF704743F09643A9
:1007E80001464FF000001CE050EA010208BF7047C4
:1007F8004FF000030AE000BF50EA010208BF70474B
:1008080011F0004302D5404261EB41015FEA010C5F
:1008180002BF84460146002043F0B64308BFA3F157
:100828008053A3F50003BCFA8CF2083AA3EBC25339
:1008380010DB01FA02FC634400FA02FCC2F1200258
:10084800BCF1004F20FA02F243EB020008BF20F08F
:100858000100704702F1200201FA02FCC2F12002F5
:1008680050EA4C0021FA02F243EB020008BF20EAEA
:10087800DC70704753B94AB9002908BF00281CBF6B
:100888004FF0FF314FF0FF3000F06AB9ADF1080CBE
:100898006DE904CE00F006F8DDF804E0DDE9022396
:1008A80004B070472DE9F047089D0C46002B4ED147
:1008B80094468C458646B2FA82F262D94AB1C2F1B0
:1008C8002003914020FA03F30CFA02FC194300FAC2
:1008D80002FE4FEA1C471FFA8CF6B1FBF7F44FEA09
:1008E8001E4307FB141143EA014304FB06F1994236
:1008F8000AD91CEB030304F1FF3080F012819942FE
:1009080040F20F81023C6344591A1FFA8EF3B1FB7F
:10091800F7F007FB101143EA014300FB06F69E427D
:100928000AD91CEB030300F1FF3180F0FC809E42E2
:1009380040F2F980634402389B1B40EA04400021DE
:100948001DB1D3400022C5E90032BDE8F0878B42D3
:1009580005D90DB1C5E9000100210846F5E7B3FA4C
:1009680083F1002946D1A34202D39042C0F0F0801F
:10097800861A64EB03030120002DE6D0C5E9006365
:10098800E3E7002A40F09080A1EB0C044FEA1C48F2
:100998001FFA8CF70121B4FBF8F64FEA1E4308FB57
:1009A800164443EA044307FB06F0984208D91CEBB7
:1009B800030306F1FF3402D2984200F2CD802646A6
:1009C8001C1A1FFA8EF3B4FBF8F008FB104443EA34
:1009D800044300FB07F79F4208D91CEB030300F10F
:1009E800FF3402D29F4200F2B0802046DB1B40EA6F
:1009F8000640A5E7C1F120068B4022FA06F71F43FF
:100A080020FA06FC04FA01F343EA0C03F44000FA66
:100A180001F8380C4FEA1349B4FBF0FE1FFA87FCC3
:100A280000FB1E4449EA04440EFB0CF9A14502FAF6
:100A380001F20AD93C190EF1FF3A80F08480A145F1
:100A480040F28180AEF1020E3C44A4EB09041FFA87
:100A580083F9B4FBF0F300FB134449EA044403FBB5
:100A68000CFCA44507D93C1903F1FF3067D2A44513
:100A780065D9023B3C4443EA0E40A0FB0293A4EB39
:100A88000C049C42CE469C4651D34ED055B1B8EB8F
:100A98000E0364EB0C0404FA06F6CB401E43CC406C
:100AA800C5E90064002150E7C2F1200320FA03F1F0
:100AB8000CFA02FC24FA03F394400C434FEA1C4856
:100AC80000FA02FE1FFA8CF7B3FBF8F008FB1031AE
:100AD800230C43EA014300FB07F1994208D91CEBB8
:100AE800030300F1FF362CD299422AD90238634415
:100AF8005B1AA4B2B3FBF8F108FB113344EA0344D0
:100B080001FB07F3A34208D91CEB040401F1FF36EB
:100B180013D2A34211D902396444E41A41EA0041CC
:100B280039E70446F0E6084606E7C845AED2B9EB11
:100B3800020E63EB070C0138A8E73146EDE70346E0
:100B480099E73046D4E7D6467FE7634402384DE755
:100B58000646234608460FE7023E634430E700BFD7
:100B6800704700BF08B51348134B03604FF00043AC
:100B7800436000238360C3600361042242610376FB
:100B8800437683760122C26180F820304362836213
:100B980080F82C304FF4805202630722426382634C
:100BA80080F83C30C36403F0CFFA00B908BD00F008
:100BB80017FBFBE754010020002401400268094BA1
:100BC8009A4200D0704782B04FF0B0431A6E42F498
:100BD80000721A661B6E03F400730193019B02B046
:100BE800704700BF002401400268054B9A4200D0BC
:100BF80070474FF0B042136E23F400731366F7E7A3
:100C08000024014030B585B00446002301930293C7
:100C18000393FFF7A7FF164803F0CEFEF8B9019437
:100C280000230293039301A9114803F007FCC8B9F4
:100C38000F4803F0C5FDC0B90D4C4FF0FF312046F9
:100C480003F09AFB204603F097FE204603F0F3FBDF
:100C58000546204603F030FE284605B030BD00F0BA
:100C6800BFFADCE700F0BCFAE2E700F0B9FAE3E724
:100C780054010020014B024A1A60704754010020B9
:100C88000024014008B50D48FFF7BCFFA0B103469A
:100C98000B4AB2F8AA004FF6FF72904207D040F60E
:100CA800E44202FB00F0B0FBF3F080B205E0054837
:100CB800B0FBF3F080B200E0002008BD002000B4D3
:100CC8000075FF1FD8084C0010B582B00023ADF89E
:100CD8000630FFF7D7FF04462148FFF793FF214B63
:100CE800B3F8C820B3F8A8108A421DD000FB04F35B
:100CF8009B081D48A0FB0303C1EB5313642000FBB2
:100D080003F3521A93FBF2F31E331BB2ADF806300D
:100D1800BDF806301BB21B021BB2ADF80630BDF899
:100D2800060000B202B010BD04FB00F00F4BA3FB9D
:100D38000023C41A03EB5403DB0A4FF47A7202FB54
:100D480003F3A3F53923A3F50C63094A82FB0312C5
:100D5800DB17C3EBA2231E331BB2ADF80630D7E76F
:100D6800001000B00075FF1F9F00EE090101100080
:100D7800AD8BDB6800B583B04FF0B0439A6C42F09E
:100D880004029A649A6C02F004020192019A9A6C25
:100D980042F001029A649B6C03F001030093009BEC
:100DA800002202210F2003F00DFF0F2003F01AFF8D
:100DB80003B05DF804FB002301E0083008338B42E0
:100DC8000AD24268D0F800C0B2F1FF3F08BFBCF1B8
:100DD800FF3FF2D0012070470020704730B108B5BE
:100DE80039B192B211F0C8FD002008BD6FF00500BE
:100DF80070476FF00500F8E708B504F0ABF978B96B
:100E0800094B9A6942F040429A614CF2FA321A61EF
:100E180004F0B8F908B9002008BD6FF00400FBE73A
:100E28006FF00400F8E700BF0040005870B584B0C8
:100E380000230393002839D00E460446FFF7DCFF51
:100E4800054610B1284604B070BD04F083F980BB94
:100E58000223009304F178431748D0F8E015174AA5
:100E680002EA8121B3FBF1FC01FB1C33DB0A01938D
:100E7800A11901F178410139D0F8E00502EA802290
:100E8800B1FBF2F002FB1011C3EBD1230133029343
:100E980003A9684604F04CFA18B1022804D06FF090
:100EA800010504F06FF9CDE70125FAE76FF00505B4
:100EB800C8E76FF00405C5E70070FF1F00FCFF03DB
:100EC8002DE9F04F89B003900492002800F0B48017
:100ED80083460E46002900F0B38012F0070F40F059
:100EE800B38010F00703059340F0B280FFF784FF4A
:100EF800019018B1019809B0BDE8F08F04F02AF903
:100F0800002840F0A980039C04F17842544BD3F8A0
:100F1800E035544901EA8321B2FBF1F301FB1322C6
:100F2800D30A0693049BE31803F17843013BB3FB10
:100F3800F1F001FB1033DB0AA3EBD2230133012BC1
:100F480007D9C4F30A09C9F50069DDF818A00793A1
:100F580031E0DDF81090F8E7C84637465C46059D55
:100F6800CDF808B0454515D205EB070BDBE90023A2
:100F78002146012004F054F9002847D1206862680E
:100F8800E959DBF804309A4208BF884244D1083452
:100F98000835E7E7DDF808B0019B002B45D1CB44C5
:100FA8004E44049BA3EB0909B9F5006F28BF4FF421
:100FB80000690AF1010A069B079A1344534534D97C
:100FC8000AF58034E40249460398FFF7F4FE002846
:100FD800C2D0254B186828B34FF400622146FFF7AA
:100FE800FDFE214B1B68CBF30A001FFA89F231463C
:100FF800184411F0C1FC4FF400612046FFF716FFBA
:10100800B0B9194B1F684FF40068A8E7DDF808B0BD
:101018006FF003030193BFE7DDF808B06FF0030337
:101028000193B9E76FF00503019304F0ABF861E7AA
:101038006FF001030193F8E76FF00503019359E797
:101048006FF00503019355E76FF00503019351E72E
:101058006FF0050301934DE76FF00403019349E72F
:101068000070FF1F00FCFF03B8010020014B18604F
:1010780000207047B8010020B0F1006F0ED310B502
:10108800094BD3F8E045094B03EA842303F10063D5
:10109800013B984205D8FFF713FF10BD4FF0FF3012
:1010A80070474FF0FF30F8E70070FF1F00FCFF03A8
:1010B800B1F1006F0ED310B5094BD3F8E045094BD9
:1010C80003EA842303F10063013B994205D8FFF743
:1010D80085FE10BD4FF0FF3070474FF0FF30F8E746
:1010E8000070FF1F00FCFF03B0F1006F0ED308B5BE
:1010F800094BD3F8E025094B03EA822303F1006387
:10110800013B984205D8FFF791FE08BD4FF0FF302C
:1011180070474FF0FF30F8E70070FF1F00FCFF0337
:101128002DE9F04188B000240394049405940694B2
:1011380007944FF0B043DA6C42F00202DA64DA6CDA
:1011480002F002020292029ADA6C42F00402DA64B5
:10115800DA6C02F004020192019ADA6C42F00102A0
:10116800DA64DB6C03F001030093009B1A4E2246FD
:101178004FF43A41304604F06BFA4FF40A430393B4
:101188000125049505940223069303A9304604F02B
:101198000FF94FF00308CDF80C804FF404170497AB
:1011A800059503A94FF0904004F002F94FF440531D
:1011B800039304950594CDF8188003A9304604F0EC
:1011C800F7F8402303930497059503A9034804F00F
:1011D800EFF808B0BDE8F0810004004800080048B6
:1011E80072B6FEE710B59AB04822002108A812F09E
:1011F8003DFB0024019402940394049405940694FE
:10120800079404F033FA4FF0B042D2F8903023F04C
:101218001803C2F8903002F58062136823F4C063A3
:1012280043F400731360136803F4C0630093009BD6
:101238002423089381230B93012310931194B02343
:101248001293139408A804F0ABFB70B94F230193D1
:10125800002302930393049305930793022101A8A3
:1012680004F0D0FE18B91AB010BDFFF7B9FFFFF7A8
:10127800B7FF08B502F01AFFFFF7B4FFFFF750FFFA
:1012880000F0C0FC00F0C4FCFCE7000000B58DB025
:101298002C22002101A812F0E9FA1948194B036021
:1012A8001F23836000230361436183614FF0804201
:1012B800C26103624FF48073436205F0EFF9A8B985
:1012C8000F4805F02FFBA0B900220892029206925F
:1012D8004FF0005307934FF480730B9301A908480C
:1012E80005F044FA40B90DB05DF804FBFFF778FF4C
:1012F800E6E7FFF775FFE7E7FFF772FFF3E700BFE1
:10130800C00100200028004010B590B004463822E3
:10131800002102A812F0AAFA22681A4B9A4201D0B8
:1013280010B010BD4FF4803302934FF480730F93C5
:1013380002A804F0CBFF08BB4FF0B043D3F89020CD
:1013480042F40042C3F890209A6D42F480629A6594
:101358009B6D03F480630193019B002211460220D8
:1013680003F030FC022003F03DFC002211462A2045
:1013780003F028FC2A2003F035FCD1E7FFF730FF03
:10138800DAE700BF002800407047704708B502F050
:10139800A3FE0120024BC3F8880004F0CBF908BD76
:1013A8000004005808B502F09EFE08BD08B502F01A
:1013B8009AFE00F0EFFB08BD08B502F08DFE012192
:1013C800002004F05BF908BD7047FEE7FEE7FEE782
:1013D800FEE7FEE7704770477047704708B5024858
:1013E80005F0CCFA08BD00BFC001002008B50248CE
:1013F80003F0FEFD08BD00BF1002002008B502483A
:1014080005F07EFF08BD00BF7002002008B5024845
:1014180005F0BEF808BD00BFC001002008B50248AD
:1014280005F064FD08BD00BFF801002008B50548B7
:101438000823036005F0D8FA00B908BDFFF7D0FE0D
:10144800FBE700BFF801002000B583B04FF0B043C0
:101458005A6E42F001025A665B6E03F00103019373
:10146800019B00221146322003F0ACFB322003F02E
:10147800B9FB03B05DF804FB0CB400B583B004AB52
:1014880053F8042B019312F02DF903B05DF804EB27
:1014980002B0704730B585B004460D4602A811F079
:1014A80079FCBDF90C300093029B054A10212046B7
:1014B800FFF7E2FF2046FEF75BFE288005B030BD4F
:1014C800143B010810B54FF0B042936823F4004371
:1014D800936011F055FD01240C4B1C7000F0B4F81A
:1014E80011F0A6F80A4811F0D1F80A4B4FF400425F
:1014F8001A61022011F0D0F8FFF7BCFB11F0E2F9F5
:101508002146204611F0FEF910BD00BF040200205C
:101518009D1400080040005808B511F009FA08BDEC
:1015280008B5FFF7AFFB40F6B83398420DD8B0F5D1
:10153800E16F0CD3A0F5E160C0EBC0104000054B93
:10154800A3FB0030C0F3C71000E0FE2008BD002058
:10155800FCE700BFB5814E1B08B5FFF7B5FB40F3AC
:101568000F2008BD38B50446184BD3F88035B3F1C1
:10157800FF3F13D0C3711A0A82711A0C42711B0EF5
:101588000371124BD3F88425C270D3F884351A0A34
:1015980082701A0C42701B0E037038BD02F0AAFD4F
:1015A800054602F0B3FD054402F0AAFD2B0EE371D7
:1015B8002B0CA3712B0A63712571030EE370030CC6
:1015C800A370030A63702070E7E700BF0070FF1F75
:1015D80038B50A4BD3F880350360B3F1FF3F00D02C
:1015E80038BD044602F086FD054602F089FD4540F7
:1015F80002F08CFD45402560F2E700BF0070FF1F38
:1016080008B50121022011F067F908BD08B50021CD
:10161800022011F061F908BD0020704708B5044B9D
:101628001B780BB9002008BD00F07CF8FBE700BF71
:101638000402002000B583B00190019800F058F929
:1016480003B05DF804FB0000F0B589B002F064FD5A
:1016580002F06AFD02F070FD0024039404940594DE
:101668000694079401230493032306934FF0B04391
:10167800DA6C42F00202DA64DA6C02F002020292D8
:10168800029ADA6C42F00202DA64DB6C03F00203BD
:101698000193019B4FF4805703970C4D03A92846EB
:1016A80003F086FE4FF40056039603A9284603F07C
:1016B8007FFE22463946284603F0CAFF22463146B5
:1016C800284603F0C5FF09B0F0BD00BF000400487C
:1016D800064B986801E0054B9868044B9B68834269
:1016E800F9D1C043024B1860704700BF0028004082
:1016F80008020020014B1868704700BF080200204C
:10170800064B986801E0054B9868044B9B68834238
:10171800F9D1C043024B1B68C01A7047002800402B
:1017280008020020074B1B7853B1074B986801E06B
:10173800054B9868044B9B688342F9D1C0437047B6
:10174800002070470C02002000280040032070474A
:1017580008B501464FF47A7200238002890DFFF71D
:1017680089F808BDC20E43011B1A62F100029200FB
:1017780042EA93729B001B1842F10000C00040EA45
:101788005370C3F3D51343EA8050704710B5074B25
:101798000122DA65064C4FF48071204604F0B8FE49
:1017A8004FF0FF332363002010BD00BF0028004026
:1017B800C001002008B502460221024805F0F3F8EE
:1017C80008BD00BFC001002038B50F4B1B780BB116
:1017D800002038BD0D4C4FF0FF352563FFF756FD4F
:1017E800FFF7D4FF4FF48071204604F091FE256383
:1017F800204605F077F80020FFF7DCFFFFF768FFC9
:10180800014B01221A70E3E70C020020C0010020FE
:1018180008B502460021024805F0C5F808BD00BF1A
:10182800C001002008B502460121024805F0BBF8B6
:1018380008BD00BFC001002010B58CB004462C22A2
:10184800002101A812F012F8FFF7A0FF0C4B1B684B
:101858001C4400230893E443029406934FF000537A
:1018680007934FF480730B93012201A9054804F0F4
:101878007DFF10B900200CB010BDFFF7B1FCF9E7EF
:1018880008020020C001002008B50221014805F027
:1018980091F808BDC001002038B505460B4B9C687F
:1018A80001E00A4B9C68094A9268A242F9D1E443D4
:1018B800FFF7EAFF2346A40A44EA8054C3F3090069
:1018C800FFF750FF2880204638BD00BF00280040A1
:1018D80008B50021014805F06DF808BDC0010020D9
:1018E80008B50121014805F065F808BDC0010020D0
:1018F80008B5FFF72DFF0D4B996801E00B4B996870
:101908000A4A92688A42F9D1C9430AE0074B9B68A0
:10191800064A92689A42F9D1DB435B1A834203D2A2
:1019280000BF024B9B68F3E708BD00BF00280040DA
:1019380008B511F049FC08BD08B5FFF7A5FF01304F
:10194800FFF738FF08BD000008B51848184B0360BA
:101958004FF41653436000238360C36003610C2275
:10196800426183610362436283624FF000534366BE
:1019780006F07EFB70B900210C4806F02EFD60B918
:1019880000210A4806F04EFD50B9084806F001FD4E
:1019980048B908BDFFF724FCEDE7FFF721FCEFE7A6
:1019A800FFF71EFCF1E7FFF71BFCF2E770020020CF
:1019B8000080004030B597B0044600211191129183
:1019C800139114911591382203A811F04FFF226842
:1019D8002E4B9A4201D017B030BD202303934FF409
:1019E8004063079303A804F071FC002844D14FF02A
:1019F800B043DA6D42F00102DA65DA6D02F00102F5
:101A08000292029ADA6C42F00102DA64DB6C03F0AB
:101A180001030193019B0C231193022312930025C8
:101A28001395032314930823159311A94FF090409D
:101A380003F0BEFC1648174B0360162343601023BF
:101A48008360C5608023036145618561C561056266
:101A580003F040F998B910210D4803F03DFB88B90F
:101A68000B4BE3679C6200220221262003F0AAF8B0
:101A7800262003F0B7F8AEE7FFF7B2FBB7E7FFF7AA
:101A8800AFFBE8E7FFF7ACFBEAE700BF00800040E8
:101A9800100200205800024002680C4B9A4200D005
:101AA800704710B504464FF0B042D36D23F00103E0
:101AB800D3650C214FF0904003F04CFDE06F03F02C
:101AC8007BF9262003F092F810BD00BF008000408B
:101AD80008B5074B1860FFF74DF9FFF735FF054AC2
:101AE800D2F8803043F08053C2F88030002008BD1F
:101AF800080300200008005808B54FF0B043DA6B1F
:101B080042F00102DA63DA6B22F00102DA63044878
:101B1800FFF7C2FF0F2003F069F8002008BD00BFDF
:101B28007002002008B50A460146024805F024FB69
:101B3800002008BD7002002010B582B0124B18605A
:101B48004FF40013009302AB13E906000F4806F0A8
:101B5800C8FB0E4B1B68DA6912F4803FF9D1DA69C9
:101B680012F4800FFBD09A6842F480029A60074C06
:101B7800204606F0F7FB01220549204606F04AFBFD
:101B8800002002B010BD00BF040300207002002036
:101B98000C03002008B5044803F09CF800B908BD00
:101BA800FFF71EFBFBE700BF1002002008B5026824
:101BB800044B9A4200D008BD034B1B68002098478D
:101BC800F9E700BF008000400803002002680A4BC4
:101BD8009A4200D0704710B50446084B1B682BB1D9
:101BE800D0F8902012B901210548984701220449EC
:101BF800204606F00FFB10BD0080004004030020C3
:101C08000C03002008B5FFF75DFC00F09FF808BD45
:101C180008B54FF0FF3010F003FF08BD704770475C
:101C280070470000014B1874704700BF0400002083
:101C3800704718B108B500F003FB08BD704708B538
:101C480000F0ECFA08BD000008B500224FF400418E
:101C5800014803F0FDFC08BD0004004808B5002257
:101C68004FF40071014803F0F3FC08BD000400487C
:101C780038B50C46054668B101224FF400410748C3
:101C880003F0E6FC064811F03FFA2146284600F02A
:101C980039FA38BD0029EFD1FBE700BF000400483E
:101CA8002803002088B110B5044603781BB92046E4
:101CB80000F0A0FA10BD01224FF40071034803F0B0
:101CC800C7FC034811F020FAF1E770470004004808
:101CD8004003002090B110B5044690F906301BB1BE
:101CE800204600F0F3F910BD054811F0B3F90022C1
:101CF8004FF40061034803F0ABFCF1E7704700BF05
:101D0800100300200004004808B500F0E3FA08BDFD
:101D180008B50021022010F043FE08BD08B50021D7
:101D2800012010F03DFE08BD08B500F0E9FA08BD35
:101D380008B500F0F7FA08BD08B54FF4006102488D
:101D480003F08BFC08BD00BF00040048F0B587B065
:101D580000240594484801F031FC029403270197B8
:101D680001260096454B22462146022010F0EEFC43
:101D780002940523019302250095414B22462146F2
:101D8800284610F0E3FC0294019700963D4B22464A
:101D98002146284610F0DAFC05A9204606F0F8FF8F
:101DA800059B1A0EC3F307210291C3F3074301935E
:101DB8000092354B22462146284610F0C7FC05A95B
:101DC800304606F0E5FF059B1A0ED9B20391C3F31E
:101DD80007210291C3F30743019300922B4B22463C
:101DE8002146284610F0B2FC0094294B22464FF4B5
:101DF800FA71284811F0D0F80094274B22464FF486
:101E0800FA71264811F0C8F80094254B32464FF471
:101E1800FA71244811F0C0F82046FFF727F938BBBB
:101E2800214A0021022010F0C3FE204A002101208F
:101E380010F0BEFE01F07EFC1D491E4806F05CFF56
:101E48001D4806F033FE174811F05EF91B4B0022BF
:101E58001146104610F07AFC0028F7D1184B0022E2
:101E68001146104610F072FC0028F7D107B0F0BDFB
:101E7800FFF7B6F9D4E700BF251D0008703B01083D
:101E8800943B0108B83B0108DC3B0108003C010811
:101E9800651C000840030020511C0008280300208E
:101EA800411D000810030020958800080936000825
:101EB800000003011C00002004000020243C01084D
:101EC800443C0108BFF34F8F0549CA6802F4E06239
:101ED800044B1343CB60BFF34F8F00BFFDE700BF38
:101EE80000ED00E00400FA0500B583B00090044B53
:101EF80000221146104610F029FC03B05DF804FBDF
:101F08006C3C0108F0B589B0037842788178C478D0
:101F1800057946798779C0790790069705960495DB
:101F28000394029101920093034B0022114610463C
:101F380010F00CFC09B0F0BD345F01082DE9F04F3A
:101F480093B003781093427811928378C27801791C
:101F580044798579C679077A90F809C090F80AE03B
:101F680090F80B8090F80C9090F80DA090F80EB0B7
:101F7800C07B0F90CDF838B0CDF834A0CDF83090B4
:101F8800CDF82C80CDF828E0CDF824C00897079626
:101F980006950594049103920293119A0192109B5D
:101FA8000093044B00221146104610F0CFFB13B0EB
:101FB800BDE8F08F743C010800B585B0030EC0F38E
:101FC8000742C0F30721C0B2039002910192009327
:101FD800044B00221146104610F0B8FB05B05DF81E
:101FE80004FB00BF745F010800B583B00090044B88
:101FF80000221146104610F0A9FB03B05DF804FB5F
:10200800C83C010800B58FB00A4601F10F030D93D3
:1020180001F10E030C9301F10D030B9301F10C0375
:102028000A9301F10B03099301F10A03089301F1E3
:102038000903079301F108030693CB1D05938B1D34
:1020480004934B1D03930B1D0293CB1C01938B1C14
:1020580000934B1C024911F099FA0FB05DF804FB8C
:10206800D03C010800B583B001914B1C00938B1C38
:10207800CA1C034911F08AFA03B05DF804FB00BFDB
:102088000C3D010808B50B4B5A6843211170012219
:102098005A7063221A7006F061FB012805D10022EC
:1020A8001146044806F06CFB08BD034811F02CF8F3
:1020B800F5E700BF680000205803002008B500219C
:1020C800082010F06DFC08BD0120704708B510B15C
:1020D80090F9063033B1084B00221146104610F033
:1020E80035FB08BD054B00221146104610F02EFBAB
:1020F800034B01221A70F4E7303D0108203D010826
:10210800BC0100202DE9F0418CB007460E4606AC14
:10211800324D0FCD0FC495E8030084E8030047B3A0
:102128003D4697F800807B682BB37F781FB3F12F6B
:1021380000D9F2270197CDF80080294B00221146DB
:10214800104610F003FB00240AE06B681B5D009347
:10215800244B00221146104610F0F8FA0134E4B27C
:10216800A742F2D8204B00221146104610F0EEFA92
:1021780001E04FF0000816B1337C052B02D90CB0F2
:10218800BDE8F08196F9082096F9091096F90A0039
:10219800049003910292CDF804800CAA02EB830309
:1021A80053F8183C0093114B00221146104610F0CA
:1021B800CDFA737C33B90C4B00221146104610F04F
:1021C800C5FADCE7B37CF27C01920093084B00224D
:1021D8001146104610F0BAFAEDE700BF083A0108B8
:1021E800443D0108543D0108C84101085C3D01080F
:1021F800883D010870B108B5027A012A00D008BDEF
:10220800437A002BFBD0044B00221146104610F0F5
:102218009DFAF4E7704700BF9C3D010800B583B004
:10222800054B1B5C0093054B00221146104610F02D
:102238008DFA03B05DF804FBD03D0108B43D0108F8
:1022480000283FD02DE9F0418CB003464278022A9D
:102258000AD0032A2FD01C4B00221146104610F03A
:1022680075FA0CB0BDE8F081027CB0F9121090F953
:1022780014009C7DDD7D1E7E5F7E93F81AC093F866
:102288001BE093F81C80CDF82C80CDF828E0CDF821
:1022980024C008970796069505945C680494DB6843
:1022A8000393029001910092084B002211461046B8
:1022B80010F04CFAD5E7064B00221146104610F0F4
:1022C80045FACEE7704700BFD43D0108E83D010854
:1022D800483E010808B5012806D0074B00221146E0
:1022E800104610F033FA08BD044B00221146104680
:1022F80010F02CFAF7E700BF783E0108643E0108A9
:1023080038B504460D464FF400610548FEF7ECFE6B
:1023180000B138BD2A4621460148FEF7ADFEF8E770
:1023280000F0030808B50A460149FEF7C1FE08BDDA
:1023380000F0030870B586B00024029403260196C5
:1023480001250095224B22462146204610F0FEF931
:10235800029405230193022300931E4B2246214633
:10236800204610F0F3F90294019600951A4B224684
:102378002146204610F0EAF905A9204606F008FD96
:10238800059B1A0EC3F307210291C3F30743019378
:102398000092124B22462146204610F0D7F905A993
:1023A800284606F0F5FC059B1A0ED9B20391C3F333
:1023B80007210291C3F3074301930092084B224679
:1023C8002146204610F0C2F9204606B070BD00BF75
:1023D800703B0108943B0108B83B0108DC3B01084D
:1023E800003C010808B510F05DF9FFF77DFD0020FD
:1023F80008BD000000B583B001AA0F4911F0C6F866
:10240800012809D1019803280ED8C0B210F044F968
:10241800002003B05DF804FB084B0022114610466B
:1024280010F094F90220F4E7054B002211461046FB
:1024380010F08CF90220ECE78C3E0108903E010870
:10244800B83E010800B593B007A810F0A3FC0798A0
:10245800A0F11203079300F5E0500E30079009A988
:1024680010F01CFD0E9B03F26C7305930D9B01335A
:1024780004930C9B0393099B02930A9B01930B9B68
:102488000093054B00221146104610F05FF900201A
:1024980013B05DF804FB00BFFC3E010808B5FFF768
:1024A80011FD000008B54FF400610448FEF71CFE5A
:1024B80008B1002008BDFFF705FD00BF00F00308C4
:1024C80008B506F047FF10F1080F04D0B0F1FF3F40
:1024D80009D0002008BD084B00221146104610F014
:1024E80035F90020F6E7054B00221146104610F09A
:1024F8002DF90120EEE700BF283F0108403F010801
:1025080000B583B0684606F09CFC30B96846FFF712
:10251800F9FC002003B05DF804FB0220FAE7000094
:1025280000B589B00DF11F0305930DF11E03049347
:102538000DF11D03039307AB02930DF11B030193E8
:102548000DF11A0300930DF1190306AA074911F0BA
:102558001DF8082803D0022009B05DF804FB06A87E
:1025680006F083FC0028F7D00120F5E7F83C0108C5
:1025780000B585B06946012006F0B1FE18B101200A
:1025880005B05DF804FB6846FFF7D8FC0020F7E7C4
:1025980000B585B06946FFF735FD102803D0022045
:1025A80005B05DF804FB6946012006F0AFFE00287F
:1025B800F6D00120F4E700B585B06946002006F0A2
:1025C8008EFE18B1012005B05DF804FB6846FFF7E0
:1025D800B5FC0020F7E700B585B06946FFF712FDA6
:1025E800102803D0022005B05DF804FB69460020DE
:1025F80006F08CFE0028F6D00120F4E700B585B07F
:102608006946082006F06BFE18B1012005B05DF898
:1026180004FB6846FFF792FC0020F7E700B585B099
:102628006946FFF7EFFC102803D0022005B05DF8DB
:1026380004FB6946082006F069FE0028F6D0012050
:10264800F4E700B585B06946092006F048FE18B1E0
:10265800012005B05DF804FB6846FFF76FFC002019
:10266800F7E700B585B06946FFF7CCFC102803D022
:10267800022005B05DF804FB6946092006F046FE15
:102688000028F6D00120F4E700B583B001A806F0D1
:1026980031FC30B90198FFF78FFC002003B05DF8DA
:1026A80004FB0220FAE700B583B001A9FFF7DAFCC2
:1026B800042803D0022003B05DF804FB019806F05B
:1026C8002EFC0028F7D00120F5E700B583B0684656
:1026D80006F08BFB30B96846FFF714FC002003B006
:1026E8005DF804FB0220FAE700B589B00DF11F037D
:1026F80005930DF11E0304930DF11D03039307AB1E
:1027080002930DF11B0301930DF11A0300930DF1D0
:10271800190306AA074910F039FF082803D0022038
:1027280009B05DF804FB06A806F073FB0028F7D093
:102738000120F5E7F83C010800B583B001A806F0D0
:10274800ACFB30B90198FFF74FFC002003B05DF8EF
:1027580004FB0220FAE7000000B583B001AA09498A
:1027680010F014FF012808D101987F2807D806F037
:10277800A9FB002003B05DF804FB0220FAE7022061
:10278800F8E700BF8C3E010808B50378302B03D06A
:10279800312B07D0022008BD0121084605F04CFF67
:1027A8000020F8E70121022005F046FF0020F2E7AB
:1027B80008B506F00BFB00B908BD0220FCE70000D5
:1027C800F0B583B00546FDF7D3FC84B24A4B9B694C
:1027D800ADF800301B0C8DF8023001AA4749284695
:1027E80010F0D4FE01280AD0454B002211461046AD
:1027F8000FF0ACFF022023E00135013CA4B22A7897
:10280800A2F13003DBB2092B01D8012CF4D884B132
:102818003A2A0ED1631E9BB26A78302A12D0312A26
:1028280012D0384B0022114610460FF08FFF0220BD
:1028380006E0354B0022114610460FF087FF0220B4
:1028480003B0F0BD002600E0012623B3AF1C023C14
:10285800A4B204B3AB783A2B1DD10137013CA4B222
:102868000025F12D1FD8012C1DD917F815308DF82A
:10287800003007EB45035B788DF80130234B5A682D
:102888002A442349684610F081FE01282BD10135DE
:10289800023CA4B2E5E71F4B0022114610460FF098
:1028A80055FF0220CCE704BB18484570019B037014
:1028B8000022314605F064FF831D062B11D8DFE89E
:1028C80003F00C0E0616061004000020B8E705F009
:1028D80045FF01280DD00520B2E70820B0E7092000
:1028E800AEE70120ACE70220AAE70220A8E705200E
:1028F800A6E70320A4E700BF083A0108583F0108EB
:102908005C3F0108B43F0108843F010868000020CB
:102918000C400108DC3F010800B583B00DF1070049
:1029280006F026FB38B99DF80700FFF75DFB00208D
:1029380003B05DF804FB0220FAE708B50078A0F1BF
:102948003003012B01D9022008BD303818BF0120FF
:1029580006F01AFB0020F7E700B583B00DF1070079
:1029680006F06EF838B99DF90700FFF73DFB002027
:1029780003B05DF804FB0220FAE7000000B583B05D
:102988000DF107020A4910F001FE012809D19DF94D
:102998000700C3B20F2B08D806F00CFB10B10120BA
:1029A80000E0022003B05DF804FB0220FAE700BF54
:1029B8001440010810B58EB00DF1100C134C0FCC5B
:1029C800ACE80F000FCCACE80F0094E803008CE8EB
:1029D80003000DF10F0006F04DF898B99DF80F307F
:1029E800092B11D80EAA02EB830252F8282C019267
:1029F8000093074B0022114610460FF0A7FE002057
:102A08000EB010BD0220FBE70220F9E7243A0108C6
:102A18001C40010800B583B00DF10702094910F008
:102A2800B5FD012808D19DF80700092808D806F047
:102A38008FFA10B1022000E0022003B05DF804FB19
:102A48000220FAE71440010810B584B000F07EFEB9
:102A5800002847D004460DF10F0005F095FF002827
:102A680042D1A368012B05D1204B1B7813B19DF8E7
:102A78000F406CB19DF80F30413300931C4B00227E
:102A8800114610460FF062FE0024204604B010BD27
:102A98000DF10E0006F020FCA0B99DF80E30012BB8
:102AA80012D9042B10D0052B05D0072B03D0082BE7
:102AB80001D0092B0FD10F4B0022114610460FF001
:102AC80045FEE2E70224E0E70B4B002211461046E0
:102AD8000FF03CFED9E7094B0022114610460FF0D3
:102AE80035FED2E70124D0E70224CEE762040020B5
:102AF8003C4001082C4001082440010834400108EA
:102B080010B5044600F022FE40B32378422B16D0BD
:102B1800432B1FD0412B01D0022010BD8368012B0D
:102B280009D0002005F0D6FE10F1030F18D00028B8
:102B3800F3D00120F1E70B4B00221A70F1E783680C
:102B4800012B01D00720E8E70120064B187005F09B
:102B5800C1FEE9E7022005F0BDFEE5E70120DCE75C
:102B68000520DAE76204002000B583B00DF1070004
:102B780006F03CFA38B99DF80700FFF735FA00204F
:102B880003B05DF804FB0220FAE708B50078A0F16D
:102B98003003012B01D9022008BD303818BF0120AD
:102BA80006F030FA0020F7E700B583B001A806F078
:102BB800F9FA30B90198FFF797F9002003B05DF8EA
:102BC80004FB0220FAE7000000B583B001AA084917
:102BD80010F0DCFC012803D0022003B05DF804FBF0
:102BE800019806F053FB0028F7D00220F5E700BF54
:102BF8004440010800B583B001A806F0E8FA30B9EE
:102C08000198FFF771F9002003B05DF804FB02207A
:102C1800FAE7000000B583B001AA084910F0B6FC35
:102C2800012803D0022003B05DF804FB019806F0E8
:102C38003DFB0028F7D00220F5E700BF444001081B
:102C480000B583B001A806F083FA30B90198FFF700
:102C58004BF9002003B05DF804FB0220FAE70000FE
:102C680000B583B001AA084910F090FC012803D0F0
:102C7800022003B05DF804FB019806F0E7FA00288B
:102C8800F7D00220F5E700BF4440010800B583B043
:102C980001A806F072FA30B90198FFF725F900206B
:102CA80003B05DF804FB0220FAE7000000B583B02A
:102CB80001AA084910F06AFC012803D0022003B0D9
:102CC8005DF804FB019806F0D1FA0028F7D002203D
:102CD800F5E700BF4440010800B583B0684606F038
:102CE8009BF99DF80400FFF77FF9002003B05DF819
:102CF80004FB000010B582B00446684606F08CF963
:102D080001AA0A49204610F041FC012809D19DF882
:102D180004300F2B08D8684606F084FA10B1022058
:102D280000E0022002B010BD0220FBE714400108B9
:102D380000B583B0684606F06FF90098FFF754F9BC
:102D4800002003B05DF804FB10B582B00446684665
:102D580006F062F96A460849204610F017FC012877
:102D680002D0022002B010BD684606F05BFA0028C7
:102D7800F8D00220F6E700BF4440010800B583B050
:102D88000DF1070006F060F938B99DF90700FFF763
:102D98002BF9002003B05DF804FB0220FAE70000DD
:102DA80000B583B00DF10702084910F0EFFB0128C8
:102DB80003D0022003B05DF804FB9DF9070006F07C
:102DC8001BFA0028F6D00220F4E700BF14400108DF
:102DD80000B583B00DF1070006F078FA38B99DF810
:102DE8000700FFF701F9002003B05DF804FB02209B
:102DF800FAE7000000B583B00DF10702094910F0A9
:102E0800C5FB012808D19DF80700072808D806F057
:102E180060FA10B1022000E0022003B05DF804FB64
:102E28000220FAE71440010808B500F0F7FC00B9E1
:102E380008BD0320FCE708B500F016FD00B908BD81
:102E48000320FCE710B596B00DF10C0C6D4C0FCCBF
:102E5800ACE80F0094E807008CE807000AA800F027
:102E680085FD0B9B0093684B0022114610460FF01E
:102E78006DFC0C9B0093654B0022114610460FF029
:102E880065FC0A9B63B1032B0AD0012B67D00E9B0C
:102E980000935F4B0022114610460FF057FC4DE09F
:102EA8000D9B00935B4B0022114610460FF04EFC21
:102EB8000E9B0093584B0022114610460FF046FC1B
:102EC800564B0022114610460FF040FC109B009311
:102ED800534B0022114610460FF038FC119B00930B
:102EE800504B0022114610460FF030FC0A9B43BBA2
:102EF8004D4B0022114610460FF028FC129B009300
:102F08004A4B0022114610460FF020FC0A9BFBB9E1
:102F1800139B0093464B0022114610460FF016FCF7
:102F2800444B0022114610460FF010FC159B0093ED
:102F3800414B0022114610460FF008FC002016B045
:102F480010BD3E4B0022114610460FF0FFFBD5E79F
:102F58003B4B0022114610460FF0F8FBE0E70D9BB3
:102F680016AA02EB830252F84C2C01920093354BBF
:102F78000022114610460FF0E9FB0E9B0093324BDE
:102F88000022114610460FF0E1FB0F9B1A1D01921B
:102F980000932E4B0022114610460FF0D7FB109BD2
:102FA80000931F4B0022114610460FF0CFFB119BD8
:102FB80000931C4B0022114610460FF0C7FB244B10
:102FC8000022114610460FF0C1FB129B0093174BCD
:102FD8000022114610460FF0B9FB1E4B0022114685
:102FE80010460FF0B3FB149B00931B4B00221146B5
:102FF80010460FF0ABFB194B0022114610460FF09C
:10300800A5FB9BE74C3A0108484001085C400108D1
:10301800904201087040010888400108A440010856
:10302800C4400108DC400108F840010820410108BB
:103038003C41010888410108A84101080C410108E8
:1030480058410108CC410108E8410108F84101084C
:103058001042010828420108544201087042010840
:1030680010B5A6B00446302200211AA810F0FEFBC5
:103078000EAB0A930FAB099310AB089311AB0793F0
:1030880012AB069313AB059314AB049315AB0393E0
:103098000DAB029316AB019317AB009318AB19AAAB
:1030A8006649204610F072FA0D2802D0022026B098
:1030B80010BD1AA800F05AFC129BD3B91A93199B99
:1030C800B3F57A7F21D25E4A02FB03F31B93189B68
:1030D80003F109021F2A00F294801C931A9BB3B9CA
:1030E800179AB2F5965F12D356498A420FD81D92A5
:1030F80013E0012B05D0022B05D0032B7FD11A93A7
:10310800DDE71A93DBE71A93D9E71B93DFE7032B75
:103118000DD0012B14D0022B75D1B3B9169AB2F584
:10312800167F12D348498A420FD81E9218E0179A80
:10313800B2F5965FEDD343498A42EAD81D92ECE78F
:10314800179A062AE7D81D92E7E7032B46D0012BEA
:103158004CD0022B59D1169AB2F57A7F57D81E92C5
:103168005BB1032B09D0022B07D0012B51D1159A43
:10317800511F03294FD8043A1F92149A012A4CD898
:103188002092139A012A38D9119A511EFE2946D83D
:1031980022925A1E022A08D9002B42D11099A1F571
:1031A80016742A4884423ED823914BB1022B07D08B
:1031B800032B05D0012B38D10F99022937D8249138
:1031C800012A06D90BB1032B33D10E9B042B32D81D
:1031D80025931AA800F0C0FB002068E7169A632A16
:1031E800B5D919498A42B2D81E92B9E7169A042A63
:1031F800AFD90C2AADD81E92B2E72192C4E70220BB
:1032080055E7022053E7022051E702204FE702204A
:103218004DE702204BE7022049E7022047E702205A
:1032280045E7022043E7022041E702203FE702206A
:103238003DE702203BE7022039E700BFAC42010826
:1032480040420F0038200700E0930400E80A03001A
:1032580000B583B001AA0A4910F098F9012805D1F0
:10326800019800F09BFB40B1012006E0054B0022CD
:10327800114610460FF06AFA022003B05DF804FB0D
:103288008C3E0108D442010800B583B001AA0A495E
:1032980010F07CF9012805D1019800F0CDFC40B16F
:1032A800012006E0054B0022114610460FF04EFAA9
:1032B800022003B05DF804FB8C3E0108FC420108C3
:1032C80030B595B010AB019311AB009312AB13AAB4
:1032D8001F4910F05BF9042834D1139BB3F57A7FAA
:1032E80003D21C4A02FB03F31393129BB3F57A7FB4
:1032F80003D2184A02FB03F31293139C002500E043
:103308000135109B9D421BD204A800F02FFB0594A9
:1033180004A800F021FB109B0293019500940E4B2A
:103328000122002108460FF011FA012000F036FBB7
:1033380058B9119B1C44129BA342E1D2139CDFE7AE
:10334800002000E0022015B030BD0320FBE700BFDD
:103358002843010840420F003443010808B500F033
:103368000FFB044B0022114610460FF0EFF9002026
:1033780008BD00BF5043010830B583B00378302B37
:1033880003D0312B05D002201AE00121084605F0B0
:1033980053F90121022005F04FF90A4D0024009449
:1033A800094B22464FF4FA5128460FF0F5FD2846FE
:1033B8000FF0AAFE054A214608200FF0F9FB204627
:1033C80003B030BD58030020C52000088D20000838
:1033D80008B5FDF757FCFEF707FE002008BD10B53D
:1033E80000210C4600E00131435C1BB1082BFAD1E7
:1033F8000134F8E74FF0000C17E00133C25C082AEB
:10340800FBD1002B17DD013B03E0C2189278C254B0
:1034180001338A1E9A42F8D803F1010E0021C154E3
:1034280000F80E100CF1010C1146A44501D200233E
:10343800E4E7002010BD4FF0FF30FBE708B50F4A66
:1034480011684B1C1360092B0DD00D490A68531CD9
:103458000B6000780B498854082B0AD00A4B1B686C
:1034680003B1984708BD094B01221A60034B196044
:10347800F4E7034B00221A60F0E700BF6C04002059
:1034880074040020980600206404002068040020CA
:1034980010B504460A2800D90A24054B53F82430ED
:1034A8000022114610460FF051F90028F5D110BD41
:1034B800B457010870B50278412A03D00120FFF7FC
:1034C800E7FF70BD03464278542A01D00120F6E791
:1034D80080780028F3D03F2812D09C1C0025262D88
:1034E80065D8344B05EB450103EBC10256683246FB
:1034F80053F83110204610F0C1F908B30135EEE752
:103508002D4B0022114610460FF020F90028F7D164
:1035180000240DE004EB4402264B03EBC2035B6975
:103528000022114610460FF011F90028F2D101349B
:10353800262CEFD90FF096F80128FBD10020BEE722
:10354800A019A35D3D2B0CD03F2B22D00BB101203D
:10355800B5E705EB4505174B03EBC5031B69984712
:10356800ADE743783F2B08D005EB4505114B03EB3E
:10357800C503DB6801309847A1E78378002BF3D1B6
:1035880005EB45050B4B03EBC5039B6801309847DA
:1035980095E705EB4502074B03EBC2035B69002285
:1035A800114610460FF0D2F80028F2D187E7012023
:1035B80085E700BF0C540108CC43010810B5044648
:1035C80008480FF05BF80CB1074B1C600023074A52
:1035D8001360074A1360074A1360074A1360074AD3
:1035E800136010BD453400086404002074040020F2
:1035F800700400206C040020780400206804002077
:1036080070B5454B1B68012B27D10420FFF740FFFD
:10361800EFF3108272B6414B1968414B19600023D1
:1036280040490B603C490B6082F310883E4A1360A6
:1036380013E001333A4A1360082B36D0EFF31081B8
:1036480072B6384A1368013B136081F3108806206C
:10365800FFF71EFF344B00221A60324B1B68002B09
:1036680059D02F4B1B68314AD25C012AE1D00D2A70
:103678001FD00A2A1DD02C49096840F21B2081421C
:103688003ED00133264803604C1C27480460284874
:103698004254082B3BD0EFF3108172B6214A1368CD
:1036A800013B136081F31088D7E7134600221A60A4
:1036B800C4E701331A4A1360082B1DD0EFF31081B9
:1036C80072B6184A1368013B136081F31088164BD1
:1036D8001B68002BC1D0164C0025E554EFF310866B
:1036E80072B62046FFF77BFE86F310882046FFF768
:1036F800E1FE0D4B1D60B0E7134600221A60DDE7BE
:10370800094B00221A600420FFF7C2FEA5E7044B0C
:1037180000221A60BFE770BD68040020740400200E
:10372800700400206C040020780400209806002013
:103738007C040020044B00221A605A609A60DA6008
:1037480001225A601A607047A0060020004870479E
:10375800A006002038B504460D460A4600210FF0A1
:1037680016F9002202200CE0C91014F801C003F079
:10377800010302F0070E03FA0EF34CEA0303635445
:103788000132B2EBC50F0DDA030983EA102303F007
:10379800010343EA4003C3F308001146002AE3DAB1
:1037A800D11DE1E7002038BD08B50120024B1860A3
:1037B8000FF00AF908BD00BFE007002008B5054969
:1037C8000A80054A13700120044B18600FF0FCF8BA
:1037D80008BD00BFCE070020CC070020D807002076
:1037E80008B50120024B18600FF0EEF808BD00BFC5
:1037F800DC07002008B50120024B18600FF0E4F840
:1038080008BD00BFD407002008B50120024B18608E
:103818000FF0DAF808BD00BFD00700200E4B1B7868
:1038280013F0010F15D110B543F001030A4A1370C4
:103838000A4B0122002108460EF088FF084BDC6B7A
:10384800084B4FF6FF7293F908105868A0470020FC
:1038580010BD4FF0FF307047E4070020E057010823
:10386800106101087000002030B593B0344B1B780C
:1038780013F0020561D143F00203314A1370314B52
:103888000122002108460EF061FF2F4BDB682F4C08
:10389800606898472E4A02AB92E8030083E8030069
:1038A800E36A0BB10833DDB28DF83050274CE3687A
:1038B800059323690693032307938DF82E3002ABF3
:1038C800089340F2FF13ADF82C3001228DF8322016
:1038D800F2238DF8333041F22103ADF828308DF80A
:1038E8003420194B5D6F002304A91846A847A36923
:1038F800EBB9154B5B6B6FF07F409847124CE36D4B
:103908009847FDF797FE236C002098470090114BCD
:103918000122002108460EF019FFE36A9847084A79
:10392800137823F002031370002013B030BD064B48
:103938005B6E6FF07F409847E0E74FF0FF30F4E7A9
:10394800E4070020F057010810610108700000200A
:10395800683A01080058010808B5014630220248B3
:103968000FF00AF8002008BD7000002008B53022CA
:1039780002490FF001F8002008BD00BF70000020C8
:1039880010B50024034B1C70034BDB6A9847204694
:1039980010BD00BFE4070020106101082DE9F041C7
:1039A8008CB0924B1B7813F0040740F01881064640
:1039B80043F004038D4A13708D4B01220021084601
:1039C8000EF0C4FE8B488C4B03608C4B83608C4B91
:1039D80043608C4BC3608C4B03618C4B1B689847CE
:1039E8008B4B93F820108B48FFF7B4FE01244DE071
:1039F8003B468DF82730864A536A0B931369059323
:103A0800032306938DF8263003AB079340F2FF1388
:103A1800ADF8243001238DF82830F2238DF82930B1
:103A280041F22103ADF8203000208DF82A00774BB1
:103A38009D6F40F6B83392F9082005A9A847734D41
:103A4800AB6A734A92F820107248984701200FF029
:103A580083F8EB6A9847704B1B68012B00F0A18034
:103A68006E4B1B68012B00F0A3806D4B1B68012B6C
:103A780000F0A5804FF4FA70FDF7DCFD0023664ADC
:103A88001360664A1360664A13600134B44200F357
:103A98009D8001960094634B0122002108460EF098
:103AA80055FE5A4BDB685A4D686898472B685BB9D6
:103AB8005D4A03AB92E8030083E80300EB6A002B3E
:103AC80096D00733DBB294E7032B11D0012B41D0FA
:103AD800022B40F087804E4A136905934B4B9D6F2C
:103AE80040F6B83392F9082005A90220A847A6E7AE
:103AF8004D4A03AB92E8030083E80300444BDB6ABA
:103B080033B30733DBB28DF82730414A1369059385
:103B1800032006908DF8260003AB079340F2FF13AD
:103B2800ADF8243001238DF82830F2238DF82930A0
:103B380041F22103ADF8203000238DF82A30334BB1
:103B48009D6F40F6B83392F9082005A9A84776E793
:103B58003B46D8E72E4A137B8DF81530137C8DF839
:103B68001430137D8DF8163092F828308DF8173000
:103B78000823ADF818304FF000088DF81A8001209E
:103B88008DF81B008DF81C80204D40F6B83392F953
:103B9800082005A9D5F878C0E047AB6D404698479E
:103BA8004DE7224B0122002108460EF0CFFD57E7D2
:103BB8001F4B0122002108460EF0C8FD55E71D4B9A
:103BC8000122002108460EF0C1FD53E7074A137889
:103BD80023F00403137000200CB0BDE8F0814FF00F
:103BE800FF30F9E74FF0FF30F6E700BFE4070020A9
:103BF8001C580108B0070020B1370008C537000875
:103C0800E9370008FD37000811380008106101087D
:103C180070000020B0060020E0070020DC0700202C
:103C2800D007002028580108683A010838580108C8
:103C380044580108545801082DE9F04794B0064645
:103C48003822002106A80FF011FE944B1B7813F0C0
:103C5800080840F01981002E40F3198143F0080349
:103C68008E4A13708E488F4B03608F4B83608F4B47
:103C780043608F4BC3608F4B03618F4B1B68984722
:103C880000252F46012484E043469DE0012B40F0A7
:103C980001818A4B1A7B8DF845201A7C8DF84420C7
:103CA8001A7D8DF8462093F828308DF84730082380
:103CB800ADF848304FF000098DF84A9001208DF892
:103CC8004C008DF84D90DFF8F0A11E23024606A99E
:103CD800DAF874C0E047DAF85830484698479EE06A
:103CE800754B5B6E41F288309847A2E0744BB3F88D
:103CF80000900FFA89F9734B93F800A04FFA8AFAEB
:103D0800714B0122002108460EF020FD6B4B1B6809
:103D180053B9CDF804A0CDF800906C4B01220021D6
:103D280008460EF013FD8FE0CDF804A0CDF8009002
:103D3800674B0122002108460EF008FD84E0654B20
:103D48000122002108460EF001FD82E0624B0122AB
:103D5800002108460EF0FAFC80E001355F4B1B6835
:103D6800012B00F0868000205C4B18605C4B1860CB
:103D78005C4B1860642305FB03F37A19B3FBF2F379
:103D8800029301960094584B012201460EF0DEFC86
:103D98000134B4426FDC484BDB68DFF82091D9F876
:103DA80004009847D9F80030002B7FF46FAF4F4AD2
:103DB80004AB92E8030083E80300D9F82C30002B09
:103DC8003FF462AF0833DBB28DF838303B4BDA682A
:103DD80007921B690893032309938DF8363004ABC7
:103DE8000A9304238DF8373040F2FF13ADF83430CE
:103DF80001228DF83A20F2238DF83B3041F221035D
:103E0800ADF8303000208DF83C00FF230B938DF87F
:103E18003900294BD3F87490034606A9C847274BA5
:103E28009B69002B7FF45CAF234B5B6B41F28830BE
:103E3800984701200EF090FE1F4BDB6A9847274BEE
:103E48001B68012B3FF452AF254B1B68012B3FF435
:103E580076AF244B1B68012B3FF478AF204B1B68CF
:103E6800012B3FF47AAF1F4B1B68012B7FF476AF11
:103E780073E7013777E7094A137823F008031370CB
:103E8800002014B0BDE8F0874FF0FF30F9E74FF09D
:103E9800FF30F6E74FF0FF30F3E700BFE4070020FC
:103EA800B0070020B1370008C5370008E937000817
:103EB800FD37000811380008106101087000002063
:103EC800CE070020CC070020605801086C58010874
:103ED8008C580108B058010854580108D807002028
:103EE800D4070020D0070020C0580108683A01080C
:103EF80008B500F03FF808BD08B500F07DF808BD2A
:103F080008B500F0C7F808BD08B500F0C5F808BD49
:103F180008B500F0C3F808BD08B500F0C1F808BD41
:103F28000D48854600F0C1F80C480D490D4A00239C
:103F380002E0D458C4500433C4188C42F9D30A4A56
:103F48000A4C002301E013600432A242FBD30FF0B5
:103F5800A7FCFDF78EF9FEE7008000200000002096
:103F680038010020D062010838010020C81F002055
:103F7800FEE700002DE9F04186B000240194029488
:103F88000394049405944FF0B043DA6C42F00402B1
:103F9800DA64DB6C03F004030093009B102701979D
:103FA8000123029303230493124D01A9284601F02B
:103FB800FFF94FF02008CDF8048001A9284601F048
:103FC800F7F90826019601A9284601F0F1F92246D9
:103FD8004146284601F03CFB22463946284601F076
:103FE80037FB22463146284601F032FB204606B010
:103FF800BDE8F0810008004810B5032813D8DFE8B1
:1040080000F002142536224C00220821204601F037
:104018001FFB00221021204601F01AFB002220215C
:10402800204601F015FB002010BD194C0122082183
:10403800204601F00DFB01221021204601F008FB6B
:1040480000222021204601F003FBECE7104C01225E
:104058000821204601F0FCFA01221021204601F037
:10406800F7FA01222021204601F0F2FADBE7084C9A
:1040780001220821204601F0EBFA002210212046F7
:1040880001F0E6FA01222021204601F0E1FACAE710
:104098000008004800207047012070470120704741
:1040A80008B90F20704716207047704710B50320D5
:1040B80000F076FD01F064FC064B18600F20FDF758
:1040C800ABFA10B10124204610BD0446FDF77CF977
:1040D800F9E700BFA00000204FF0E022136923F0A9
:1040E8000203136170474FF0E022136943F00203A3
:1040F80013617047014BD3F8900570470070FF1F9C
:10410800014BD3F8940570470070FF1F014BD3F89B
:10411800980570470070FF1F024A536823F0010397
:1041280053607047002004E0024A536823F00203FA
:1041380053607047002004E0024A536823F00403E8
:1041480053607047002004E030B583B0002301932A
:10415800002800F006810446836DBBB1226893688D
:1041680013F0805F1FD1936823F0104323F01703E7
:1041780043F0805393607C4B1B689B097B4AA2FBEE
:1041880003239B0901335B00019309E0FCF716FD4B
:104198000023E36584F85430E0E7019B013B019379
:1041A800019B002BF9D12268936813F0805F40F0DF
:1041B8009A80A36D43F01003A365E36D43F00103F8
:1041C800E3650120936813F0040300D00123A16D77
:1041D80011F0100F40F0BE80002B40F0BB80A36DA3
:1041E80023F4817343F00203A365936813F0010F6E
:1041F8004FD1A368217E43EA8133617E43EAC1330C
:10420800A57E43EA4533216B09B14FF480510B4336
:10421800E1680B432169002967DB4FF400110B4368
:1042280094F82C1043EA410394F8201001295FD038
:10423800616A21B101F4E071A56A29430B43D16891
:1042480021F4FE3121F4FF711943D160636803F052
:104258004043E26C1A4394F83C10012955D0216878
:104268000D69434B2B4013430B616368B3F1404F17
:104278000FD0B3F1804F0CD0B3F1004F09D03D49B6
:10428800D1F8082722F4701203F470131343C1F80D
:1042980008372168636B4A6922F0070213434B61B0
:1042A8002268A16B536923F0700343EA0113536139
:1042B8002369002B33D12268936A63F00F0393625A
:1042C80023685B6903F00703626B9A4239D0A36DD8
:1042D80023F0120343F01003A365E36D43F00103D9
:1042E800E36501203BE000206CE721F0004196E700
:1042F80015B943F480339BE7A16D41F02001A16516
:10430800E16D41F00101E16592E7216C0B43616CBD
:104318000B43A16C0B431A4342F001029FE7B3F52C
:10432800001FCDD121688B6AE369013B9B0003F034
:104338001C036FF00F0202FA03F3226E13438B6221
:10434800BEE70023E365A36D23F0030343F00103F5
:10435800A36504E0A36D43F01003A365012003B037
:1043680030BD0120FBE700BFA0000020632D3E0503
:1043780002FCFF1F00200140F8B504460D464669BF
:10438800082E05D00368DB6813F0010F1ED1042640
:10439800FDF744F9074623681A6832421CD1B5F183
:1043A800FF3FF8D0FDF73AF9C31BAB4201D8002D07
:1043B800F1D123681B683342EDD1A36D43F00403A8
:1043C800A365002384F85430032028E0836D43F06C
:1043D80020038365012022E0A26D42F40072A265E9
:1043E800DA6812F4406F15D1A27E9AB91A6812F0F1
:1043F800080F0FD09A6812F0040F11D15A6822F0F2
:104408000C025A60A36D23F4807323F0010343F078
:104418000103A365207E60B923680C221A60F8BDE9
:10442800A36D43F02003A365E36D43F00103E36547
:10443800F0E70020F3E70368186C704770B483B0A6
:1044480000220192046990F85420012A00F00381A7
:104458000346012280F854200268906810F0040F87
:104468000AD09A6D42F020029A650120002283F852
:10447800542003B070BC70474868022800F09C8044
:10448800B4F1004F27D0754DAC4224D01C6E00F01B
:104498001F000F25854024EA05050C68C4F31106A2
:1044A800002E31D1C4F3846484402C431C664C68CC
:1044B800A0080130DD69A84213D80D68906A04F09D
:1044C8001F040F26A64020EA0600C5F38365A54011
:1044D8002843906205E00C68906AC4F311042043F5
:1044E80090621C680D688A68606920EA052002EA03
:1044F800052222F07C4222F0FF02024362610A6830
:10450800002A09DB0020B1E794FAA4F414B1B4FA44
:1045180084F4C9E72024C7E75149D1F8080700F017
:10452800E071504CA24207D04F4CA24226D04F4CCB
:10453800A24232D0002099E710F4000FF4D141F4E0
:1045480000014748D0F8082722F0E0721143C0F86C
:104558000817474A126892094649A1FB02129209B4
:10456800013202EB42029200019202E0019A013A02
:104578000192019A002AF9D1002077E710F0807F94
:10458800D5D141F080713648D0F8082722F0E07282
:104598001143C0F80817002068E710F4800F58D1BD
:1045A80041F480022E48D0F8081721F0E0710A4340
:1045B800C0F80827002059E7B4F1004F02D0274877
:1045C800844206D10C68906AC4F3110420EA0400FE
:1045D80090620A68002A01DB002047E72049D1F8E9
:1045E80008172048824207D01F48824213D01F482C
:1045F80082421FD0002039E701F0A07100F110407D
:1046080000F58830D0F8082722F0E0721143C0F88E
:10461800081700202AE701F4400200F1084000F5DD
:104628006040D0F8081721F0E0710A43C0F8082765
:1046380000201BE701F0C07200F10C4000F580304B
:10464800D0F8081721F0E0710A43C0F808270020C5
:104658000CE700200AE702200BE700BF04000080F7
:1046680000200140001000B0004000B8002000B455
:10467800A0000020632D3E0538B503689A6812F043
:10468800040F2AD004469A6812F0020F07D19A68DC
:1046980022F0004222F0170242F010029A60FCF762
:1046A800BDFF054623689B6813F0040F13D0FCF781
:1046B800B5FF431B022BF5D923689B6813F0040F41
:1046C800F0D0A36D43F01003A365E36D43F001033D
:1046D800E365012002E0002000E0002038BD000072
:1046E80030B583B00023019303689A6812F0010F74
:1046F8005BD1044699682E4A114217D19A6822F074
:10470800004222F0170242F001029A60294BD3F8C6
:10471800083713F4000F19D0274B1B689B09274A49
:10472800A2FB03239B09013301930CE0836D43F043
:1047380010038365C36D43F00103C365012035E0B1
:10474800019B013B0193019B002BF9D1637E012B57
:1047580001D100202AE0FCF761FF054623681A68AA
:1047680012F0010F1FD19A6812F0010F07D19A6851
:1047780022F0004222F0170242F001029A60FCF790
:104788004DFF401B0228E9D923681B6813F0010F6D
:10479800E4D1A36D43F01003A365E36D43F0010377
:1047A800E365012002E0002000E0002003B030BDF6
:1047B8001700008000200140A0000020632D3E0566
:1047C80003689B6813F0040F28D110B5044690F8CD
:1047D8005430012B24D0012380F85430FFF780FF98
:1047E800C0B9A36D23F4706323F0010343F480730D
:1047F800A3650023E36522681C21116084F8543006
:104808002268936823F0004323F0170343F004035E
:10481800936010BD002384F85430FAE702207047F3
:104828000220F6E738B504460268936813F00203DD
:1048380000D00123916811F0010F39D0002B39D134
:10484800936803F00503012B09D0A36D43F010030F
:10485800A365E36D43F00103E365012029E0936854
:1048680023F0004323F0170343F002039360236807
:1048780003221A60FCF7D2FE054623689B6813F0F2
:10488800010F13D0FCF7CAFE401B0228F5D9236894
:104898009B6813F0010FF0D0A36D43F01003A365DC
:1048A800E36D43F00103E365012002E0002000E02E
:1048B800002038BD0020FCE770B5002856D004461B
:1048C800836D43F002038365FFF7D6FE0646002892
:1048D8003DD02268536823F4677323F003035360C1
:1048E800236840F29F321A602268D168204B0B403F
:1048F800D3602268136923F0404313612268536927
:1049080023F0070353612268136A03F0F02313624C
:104918002268536A03F0F02353622268D36A03F0D3
:10492800F023D36223689A6A00259D62114AD2F85F
:10493800083723F0FE73C2F808372046FCF754F90D
:104948002566E565A56584F85450304670BD204657
:10495800FFF768FF064608B90123A3652268936834
:1049680023F0104323F017039360B2E70126ECE726
:1049780000023E830020014090F85430012B19D0EA
:1049880010B50446012380F85430FFF775FE18B1BE
:10499800002384F8543010BD2046FFF743FF002859
:1049A800F6D1A36D23F4807323F0010343F00103D0
:1049B800A365EDE702207047F0B583B000230193AB
:1049C80090F85430012B00F094800446012380F8BD
:1049D8005430FFF727FF054623689A6812F0010252
:1049E80009D0A36D43F01003A365002384F8543065
:1049F800284603B0F0BDA16D21F4817141F0020198
:104A0800A165DE6826F4FF4626F07C063604360CDF
:104A1800D96821F4004121F00301D960104605E06E
:104A2800D3F8B43003F07F0318440132072A1ED8A4
:104A380021688B6823F0004323F0170343F00043F9
:104A48008B60236899680029EADA019B0133019396
:104A5800019BB3F52E3FF4D3A36D23F0120343F06B
:104A68001003A365002384F854300125C0E7B0FB88
:104A7800F2F02268936823F0004323F0170343F011
:104A8800010393602268D2F8B43023F07F031843FF
:104A9800C2F8B4002268936823F0004323F0170398
:104AA80043F002039360FCF7B9FD074623689A6850
:104AB80012F0010F09D1DA683243DA60A36D23F0EE
:104AC800030343F00103A3658FE7FCF7A7FDC31BAE
:104AD800022BEBD923689B6813F0010FE6D0A36D76
:104AE80043F01003A365E36D43F00103E36501257B
:104AF8007EE702257CE70000002807DB00F01F02A4
:104B0800400901239340024A42F82030704700BF11
:104B180000E100E000280CDB00F01F02400901233F
:104B280093402030034A42F82030BFF34F8FBFF341
:104B38006F8F704700E100E0002808DB0901C9B267
:104B480000F1604000F5614080F80013704700F004
:104B58000F000901C9B2014B1954704714ED00E068
:104B680000B500F00700C0F1070CBCF1040F28BF26
:104B78004FF0040C031D062B0FD9C31E4FF0FF3E48
:104B88000EFA0CF021EA000199400EFA03FE22EA1F
:104B98000E0241EA02005DF804FB0023EEE7000084
:104BA800074AD36823F4E0631B041B0C000200F4DB
:104BB800E060034343F0BF6343F40033D3607047BE
:104BC80000ED00E010B50446054BD868C0F302209C
:104BD800FFF7C6FF01462046FFF7AEFF10BD00BF36
:104BE80000ED00E008B5FFF787FF08BD08B5FFF73F
:104BF80091FF08BD10B4C46CD0F850C0C4F804C00C
:104C0800446D24B1846DD0F85CC0C4F804C0446C11
:104C180004F01C0C012404FA0CF4D0F840C0CCF8C1
:104C28000440046863608368102B05D003689960AA
:104C38000368DA6010BC704703689A600368D9603B
:104C4800F8E700000368144A934216D8426C22F031
:104C5800030202F1804202F502328264DBB2083BB1
:104C68000E4AA2FB03231B090D4AC26403F01F036B
:104C7800012202FA03F303657047426C22F0030134
:104C8800084A0A448264DBB2083B044AA2FB0323B5
:104C98001B090733E8E700BF07040240CDCCCCCCA2
:104CA800800802401C080240436803F07F03074A5B
:104CB8001A4492004265064A8265013B03F00303E9
:104CC800012202FA03F3C365704700BF3F82001058
:104CD80040090240002860D010B504460268304BF5
:104CE8009A4242D82F4B13442F49A1FB03131B09A7
:104CF8009B0043642D4B0364022384F8253013681A
:104D080023F4FF4323F07003136021680A68A36843
:104D1800E06803432069034360690343A0690343D0
:104D2800E0690343206A034313430B602046FFF7FF
:104D380089FFA368B3F5804F22D06368A26C03F0A3
:104D48007F031360E36C226D5A606368013B032B99
:104D580019D900236365A365E3650020E063012397
:104D680084F8253084F8240010BD114B13440E49F3
:104D7800A1FB03131B099B0043640E4B0364BBE7B1
:104D880000236360D9E72046FFF78EFF636D00229A
:104D98001A60A36DE26D5A60DFE70120704700BF1B
:104DA80007040240F8FFFDBFCDCCCCCC0000024088
:104DB800F8FBFDBF0004024000284BD038B504467C
:104DC8000268136823F0010313600268224B9A42B9
:104DD8002CD8224B13442249A1FB03131B099B0027
:104DE8004364204B036400251560636C03F01C02C8
:104DF800216C012393404B602046FFF723FFA36CEF
:104E08001D60E36C226D5A606368013B032B18D95F
:104E180000206065A065E065E06220636063A063D0
:104E2800E06384F8250084F8240038BD0E4B134451
:104E38000B49A1FB03131B099B0043640B4B036441
:104E4800D1E72046FFF730FF636D1D60A36DE26D6B
:104E58005A60DDE70120704707040240F8FFFDBFF4
:104E6800CDCCCCCC00000240F8FBFDBF00040240D2
:104E780038B5044690F82400012843D0012084F86E
:104E8800240094F82500C0B2012806D08023E363EB
:104E9800002384F82430012038BD022084F825003E
:104EA8000020E0632568286820F00100286020467B
:104EB800FFF7A0FE236BD3B12268136843F00E03FB
:104EC8001360A36C1A6812F4803F03D01A6842F486
:104ED80080721A60636D1BB11A6842F480721A609E
:104EE8002268136843F0010313600020D4E72268A6
:104EF800136823F0040313602268136843F00A035D
:104F08001360DEE70220C7E70346002834D090F894
:104F18002520D2B2022A06D00422C263002280F8D9
:104F280024200120704701680A6822F00E020A60F6
:104F3800816C0A6822F480720A6001680A6822F0AB
:104F480001020A60426C02F01C01006C01228A40D6
:104F58004260DA6C196D51605A6D32B1116821F4F2
:104F6800807111609A6DD96D5160012283F82520F6
:104F7800002083F8240070470120704708B590F896
:104F88002530DBB2022B03D00423C363012008BD04
:104F98000268136823F00E0313600268136823F095
:104FA80001031360826C136823F480731360436CED
:104FB80003F01C02016C012393404B60C36C026D2B
:104FC8005A60436D33B11A6822F480721A60836D97
:104FD800C26D5A60012380F82530002380F8243000
:104FE800836B13B198470020D1E70020CFE700007A
:104FF80038B5036C196804682568436C03F01C0312
:1050080004229A400A4215D015F0040F12D02368E2
:1050180013F0200F03D1236823F004032360436CAB
:1050280003F01C02016C042393404B60036B03B133
:10503800984738BD02229A400A4228D015F0020F3C
:1050480025D0236813F0200F06D1236823F00A0324
:105058002360012380F8253002681C4B9A420ED940
:10506800436C03F01C0202239340194A5360002347
:1050780080F82430C36A002BDBD09847D9E7436C0B
:1050880003F01C0202239340124A5360EFE7082200
:1050980002FA03F30B42CCD015F0080FC9D02368ED
:1050A80023F00E032360436C03F01C03016C012200
:1050B80002FA03F34B60C26380F82520002380F8CE
:1050C8002430436B002BB4D09847B2E780000240ED
:1050D800000402400000024078B103681A6811F029
:1050E800100F04D011F4801F04D042F480121A600B
:1050F8000020704722F48012F9E701207047000071
:1051080010B4054C616941F0010161610260BFF3AF
:105118006F8F436010BC7047004000580C4A5369B9
:1051280043F480235361EFF3108C72B6402351F897
:10513800042B40F8042B013B13F0FF03F7D1044B79
:105148001B6913F4803FFAD18CF31088704700BFB5
:1051580000400058094B5B69002B01DB00207047B9
:10516800064B074A9A6002F188329A605B69002B05
:1051780001DB002070470120704700BF0040005845
:1051880023016745054B5A6942F000425A615B6941
:10519800002B01DB012070470020704700400058B9
:1051A80038B50546FCF73AFA04461B4B1B6913F45D
:1051B800803F06D0FCF732FA001BA842F5D3032043
:1051C80038BD154B1B6913F0010F15D123F470532B
:1051D80023F005031B041B0C0BB10F4A1361ABB979
:1051E8000D4B1B6913F4802F14D0FCF717FA001B22
:1051F800A842F5D30320E3E7074A0121116123F40C
:10520800705323F005031B041B0CE5E7034A5360A6
:105218000120D5E70020D3E700400058E807002028
:10522800F8B51F46154B1B78012B25D004460D46B3
:105238001646124B01221A7000225A604FF47A70F7
:10524800FFF7AEFF70B9012C10D031462846FFF7A2
:1052580065FF4FF47A70FFF7A3FF094A536923EA01
:1052680004035361054B00221A70F8BD32463B46D1
:105278002846FFF745FFECE70220F6E7E80700209D
:1052880000400058034A536943F4803343F0040351
:105298005361704700400058184B1B6803F40073B3
:1052A800012B06D0154B1B6803F48063012B12D029
:1052B8007047124B1A6822F400721A601A6842F496
:1052C80000621A601A6822F400621A601A6842F4CE
:1052D80000721A60E6E7094B1A6822F480621A60C5
:1052E8001A6842F480521A601A6822F480521A60CE
:1052F8001A6842F480621A60DAE700BF004000587A
:10530800034A536923F47E7323F002035361704701
:1053180000400058054A536923F47E7343EAC000ED
:1053280040F4803040F0020050617047004000585F
:10533800F8B51E4B1B78012B35D005460F461B4B85
:1053480001221A7000225A604FF47A70FFF728FF82
:10535800064618BB2B68042B13D04FF0FF333B6075
:105368006C686B68AA681344A34213D92046FFF7F8
:10537800D1FF4FF47A70FFF713FF064648B901349E
:10538800EFE7FFF77FFF4FF47A70FFF709FF064654
:1053980002E03C60FFF7B4FFFFF77EFF034B0022FB
:1053A8001A703046F8BD0226FBE700BFE807002068
:1053B80070B5002369E085685E000324B44025EADF
:1053C8000405CC68B4402C438460456825EA0C0584
:1053D8004C68C4F300149C402C43446066E0DD082C
:1053E800083550F8254003F0070C4FEA8C0C4FF0B5
:1053F8000F0E0EFA0CFE24EA0E0E0C6904FA0CF4D9
:1054080044EA0E0440F8254067E0022400E0002446
:1054180004FA0EF42C430CF1020C4B4D45F82C40C9
:105428004A4C2568D44325EA0206D1F804C01CF486
:10543800801F01D042EA0506444D2E606D6804EADB
:105448000506D1F804C01CF4001F01D042EA050685
:105458003E4D6E60D5F8805004EA0506D1F804C0C8
:105468001CF4803F01D042EA0506384DC5F880603B
:10547800D5F884502C404E6816F4003F01D042EA1B
:105488000504324AC2F8844001330A6832FA03F448
:1054980058D04FF0010C0CFA03FC1CEA0202F3D0BE
:1054A8004C6804F00304013C012C84D94C6804F0D6
:1054B8000304032C0CD0C4685D004FF0030C0CFAF5
:1054C80005FC24EA0C0C8C68AC4044EA0C04C4606B
:1054D8004C6804F00304022C81D004684FEA430EA0
:1054E8004FF0030C0CFA0EFC24EA0C0C4C6804F088
:1054F800030404FA0EF444EA0C0404604C6814F43F
:10550800403FC1D04FEA930C0CF102050E4C54F801
:10551800255003F0030E4FEA8E0E072404FA0EF40A
:1055280025EA0405B0F1904F3FF471AF084CA04252
:1055380006D004F58064A0423FF467AF072467E70C
:10554800012465E770BD00BF000001400008005855
:1055580000040048002331FA03F271D0F0B52EE0C0
:10556800022500E0002505FA0CF5A54249D004689B
:105578005D004FF0030C0CFA05FC44EA0C040460CF
:105588004FEAD30E0EF1080E50F82E4003F007062E
:10559800B6000F25B54024EA050440F82E4084687B
:1055A80024EA0C048460446824EA02024260C26867
:1055B80022EA0C02C260013331FA03F23FD0012221
:1055C8009A4012EA0107F6D09E08B51C1D4C54F803
:1055D800254003F0030C4FEA8C0C4FF0070E0EFA2F
:1055E8000CFE0EEA0404B0F1904FBBD0164DA84251
:1055F80005D005F58065A842B2D00725B3E7012597
:10560800B1E7124CD4F8805025EA0705C4F8805059
:10561800D4F8845025EA0705C4F88450256825EA9B
:1056280007052560656825EA07056560054D0236AA
:1056380055F8264024EA0E0445F8264097E7F0BDC1
:10564800704700BF000001400004004800080058EF
:105658000AB18161704781627047436901EA0302B8
:1056680021EA030141EA024181617047024A136855
:1056780043F48073136070470004005810B50C465B
:10568800A0B90F4B5B6913F4007F0AD10D4A136967
:1056980023F004031361012C10D040BF20BF20BFAA
:1056A80010BD00F021F80028F0D0F9E7044B5B6941
:1056B80013F4007FEAD100F00FF8E7E730BFEFE717
:1056C8000004005800ED00E0024B186800F4C060C8
:1056D800704700BF00040058024A136843F480432F
:1056E80013607047000400580F4A136823F480437E
:1056F80013600E4B1B68322202FB03F30C4AA2FB19
:1057080003239B0C00E0013B074A526912F4007F17
:1057180001D0002BF7D1044B5B6913F4007F01D152
:10572800002070470320704700040058A0000020A4
:1057380083DE1B430C4A136823F0070343F002037C
:1057480013600A4A136943F004031361012808D05F
:1057580040BF20BF20BF054A136923F0040313612B
:10576800704730BFF7E700BF0004005800ED00E0C5
:1057780030B589B004468C462A4B93E8030006905E
:10578800ADF81C1003F1080292E803000490ADF88C
:10579800141001AD103393E8070085E80700BCF545
:1057A800007F07D0002314E008AA02EB830353F814
:1057B8001C5C1EE00023022B08D808AA02EB430257
:1057C80032F8082CA242EFD20133F4E7002510E0AA
:1057D8000133022B0CD808AA02EB430232F8102C32
:1057E800A242F5D308AA02EB830353F81C5C00E03D
:1057F80000250D4A136823F007032B431360FBF7BA
:105808000DFF0446084B1B6803F00703AB4206D0A4
:10581800FBF704FF001B0228F4D9032000E0002056
:1058280009B030BD703A01080040005810B5C0F307
:1058380003100C4B53F820404FF0B043D3F8083115
:1058480003F00F03084A52F82330B4FBF3F4FFF7D0
:105858003BFF0146054BA3FB0434A00CFFF788FF70
:1058680010BD00BFE05801084059010883DE1B4302
:105878004FF0B0439968DB6803F0030311F00C01A3
:105888000AD00C2906D0042947D008293BD0002289
:10589800104626E0012BF6D14FF0B0431B6813F0F9
:1058A80008030DD04FF0B0431B6813F0080324D150
:1058B8004FF0B042D2F894202E4A52F823200EE03E
:1058C8004FF0B042126812F0080F12D14FF0B043F7
:1058D800D3F89430C3F30323264A52F82320D1B1D6
:1058E80000204FF0B0439B6803F00C030C2B1AD038
:1058F80070474FF0B0421268EEE74FF0B0431B68B4
:10590800C3F30313D8E74FF0B0431A6812F48012B8
:1059180006D11948E5E71046E3E700221748E0E713
:1059280000221648DDE74FF0B043DB6803F00303BD
:10593800022B09D0032B08D14FF0B0431B6813F496
:10594800801F15D10C4A00E00C4A4FF0B041CB68DB
:10595800C3F3062303FB02F2CB68C3F3021301333C
:10596800B2FBF3F2C868400F0130B2FBF0F0BFE7BA
:10597800024AEAE7E05801080048E8010024F40078
:1059880008B5FFF775FF4FF0B0439B68C3F30313E7
:10599800024A52F82330B0FBF3F008BD4059010821
:1059A800002800F01183F8B504464FF0B0439D6815
:1059B80005F00C05DE6806F00306036813F0200FF7
:1059C8002AD0002D65D00C2D61D0236A002B00F061
:1059D800BF804FF0B042136843F001031360FBF738
:1059E8001DFE07464FF0B0431B6813F0020F00F08E
:1059F800A7804FF0B0431A6842F008021A601A688C
:105A080022F0F002A16A0A431A60616A5A6822F415
:105A18007F4242EA01225A60236813F0010F00F026
:105A2800B580082D00F0AE800C2D00F0A8804FF056
:105A3800B042136823F48013A1680B4313606368B2
:105A4800B3F5803F00F0C480B3F5041F00F0C580B3
:105A58004FF0B0431A6822F480321A601A6822F4B0
:105A680000121A606368002B00F0C280FBF7D6FDB5
:105A780007464FF0B0431B6813F4003F40F08680A0
:105A8800FBF7CCFDC01B6428F3D90320A9E2012E43
:105A98009BD1236A002B00F09982A06A4FF0B04393
:105AA8001B6813F0080F29D04FF0B0431B6803F0B0
:105AB800F00398422AD9FFF7B9FE002840F08882FF
:105AC8004FF0B0431A6842F008021A601A6822F0D0
:105AD800F002A16A0A431A60616A5A6822F47F4296
:105AE80042EA01225A60FFF74BFFBA4B1860BA4BE3
:105AF8001868FBF791FD00288ED072E24FF0B04392
:105B0800D3F894301B0903F0F003D2E74FF0B04309
:105B18001A6842F008021A601A6822F0F002A16AB4
:105B28000A431A60616A5A6822F47F4242EA0122F3
:105B38005A60A06AFFF77AFE0028D4D0012050E20C
:105B4800FBF76CFDC01B02287FF64CAF032048E230
:105B58004FF0B042136823F001031360FBF75EFDBA
:105B680007464FF0B0431B6813F0020F3FF454AFE1
:105B7800FBF754FDC01B0228F3D9032031E2032EA2
:105B88007FF455AF6368002B00F02482236813F07C
:105B9800020F56D0042D3DD00C2D39D02369002B8F
:105BA80000F08A804FF0B042136843F480731360AA
:105BB800FBF734FD06464FF0B0431B6813F4806FC3
:105BC80036D1FBF72BFD801B0228F4D9032008E20D
:105BD800136843F48033136044E74FF0B0431A6806
:105BE80042F400121A601A6842F480321A6039E7E7
:105BF800FBF714FD07464FF0B0431B6813F4003F52
:105C0800C4D0FBF70BFDC01B6428F4D90320E8E1DE
:105C1800022EC3D12369002B00F0DE8161694FF0A9
:105C2800B042536823F0FE4343EA0163536008E03F
:105C380061694FF0B042536823F0FE4343EA0163C1
:105C48005360236813F0080F7ED0A369002B62D03D
:105C58004FF0B043D3F89430E16903F01002914259
:105C680011D003F00302022A00F0B88113F0010FEB
:105C780038D14FF0B042D2F8943023F01003E169E4
:105C88000B43C2F894304FF0B042D2F8943043F04E
:105C98000103C2F89430FBF7C1FC06464FF0B0434D
:105CA800D3F8943013F0020F4ED1FBF7B7FC801BEA
:105CB8001128F3D9032094E14FF0B042136823F47C
:105CC80080731360FBF7AAFC06464FF0B0431B68CD
:105CD80013F4806FB5D0FBF7A1FC801B0228F4D920
:105CE80003207EE14FF0B042D2F8943023F0010354
:105CF800C2F89430FBF792FC06464FF0B043D3F855
:105D0800943013F0020FB4D0FBF788FC801B1128E5
:105D1800F3D9032065E14FF0B042D2F8943023F074
:105D28000103C2F89430FBF779FC06464FF0B04304
:105D3800D3F8943013F0020F06D0FBF76FFC801BEA
:105D48001128F3D903204CE1236813F0040F00F065
:105D5800B880224B1B6813F4807F10D1FFF786FCB4
:105D6800FBF75CFC06461D4B1B6813F4807F06D1CD
:105D7800FBF754FC801B0228F5D9032031E1E368C6
:105D8800002B68D0852B01D0052B07D14FF0B042EE
:105D9800D2F8903043F00403C2F89030FBF73EFC91
:105DA80006464FF0B042D2F8903043F00103C2F8F3
:105DB80090304FF0B043D3F8903013F0020F0FD16A
:105DC800FBF72CFC801B41F288339842F1D9032061
:105DD80007E100BFA0000020A40000200004005834
:105DE800E368812B01D0852B1AD1FBF717FC0646F7
:105DF8004FF0B042D2F8903043F08003C2F89030B0
:105E08004FF0B043D3F8903013F4006F59D1FBF73B
:105E180005FC801B41F288339842F1D90320E0E069
:105E2800FBF7FCFB06464FF0B042D2F8903023F067
:105E38008003C2F890304FF0B043D3F8903013F499
:105E4800006F3ED0FBF7EAFB801B41F28833984293
:105E5800F1D90320C5E0FBF7E1FB06464FF0B0425D
:105E6800D2F8903023F08003C2F890304FF0B0435E
:105E7800D3F8903013F4006F08D0FBF7CFFB801BEA
:105E880041F288339842F1D90320AAE0FBF7C6FB18
:105E980006464FF0B042D2F8903023F00103C2F822
:105EA80090304FF0B043D3F8903013F0020F08D081
:105EB800FBF7B4FB801B41F288339842F1D90320E9
:105EC8008FE0E36A002B00F08B800C2D60D0022B52
:105ED80016D04FF0B042136823F080731360FBF7BD
:105EE8009DFB04464FF0B0431B6813F0007F48D178
:105EF8004FF0B042D168414B0B40D360002070E0B6
:105F08004FF0B042136823F080731360FBF786FBF1
:105F180005464FF0B0431B6813F0007F2AD14FF0BD
:105F2800B042D36836491940236B606B0343A06BBA
:105F380043EA0023E06B0343206C0343606C034394
:105F48001943D160136843F080731360D36843F03A
:105F58008053D360FBF762FB04464FF0B0431B68E5
:105F680013F0007F3ED1FBF759FB001B0A28F4D938
:105F7800032036E0FBF752FB401B0A28C9D903204F
:105F88002FE0FBF74BFB001B0A28ABD9032028E0C6
:105F9800012B29D04FF0B043DB6803F00301226BDB
:105FA800914223D103F07002616B8A4220D103F43D
:105FB800FE42A16BB2EB012F1CD103F06043626C6F
:105FC800934219D100200CE001207047012008E01D
:105FD800012006E0012004E0012002E0012000E0A9
:105FE8000020F8BD0020FCE70120FAE70120F8E7CF
:105FF8000120F6E70120F4E70120F2E7FCFFFEEEBE
:106008008C80C111002800F0278170B50C46054628
:10601800934B1B6803F007038B422DD32B6813F0B7
:10602800020F3FD12B6813F0200F53D12B6813F0C8
:10603800400F6AD12B6813F0040F40F083802B685F
:1060480013F0080F40F097802B6813F0010F00F051
:10605800DE806B68022B00F0A880032B00F0AD8077
:10606800002B40F0B2804FF0B042126812F0020FDD
:1060780040F0B1800120EEE0794A136823F007036D
:106088000B431360FBF7CAFA0646754B1B6803F00F
:106098000703A342C2D0FBF7C1FA801B0228F4D938
:1060A8000320D8E0AB684FF0B0418A6822F0F002D4
:1060B80013438B60FBF7B2FA06464FF0B0439B6878
:1060C80013F4803FAED1FBF7A9FA801B0228F4D95C
:1060D8000320C0E06B694FF0B041D1F8082122F0ED
:1060E800F0021343C1F80831FBF798FA06464FF05F
:1060F800B043D3F8083113F4003F97D1FBF78EFA79
:10610800801B0228F3D90320A5E0A9694FF0B0420B
:10611800D2F8083123F00F0343EA1113C2F808310B
:10612800FBF77CFA06464FF0B043D3F8083113F476
:10613800803F7FF47FAFFBF771FA801B0228F2D90A
:10614800032088E0EB684FF0B0418A6822F4E062EF
:1061580013438B60FBF762FA06464FF0B0439B6827
:1061680013F4003F7FF46BAFFBF758FA801B02284B
:10617800F3D903206FE029694FF0B042936823F404
:10618800605343EAC1039360FBF748FA06464FF0B1
:10619800B0439B6813F4802F7FF456AFFBF73EFAA9
:1061A800801B0228F3D9032055E04FF0B042126853
:1061B80012F4003F0FD101204DE04FF0B0421268B9
:1061C80012F0007F07D1012045E04FF0B04212687D
:1061D80012F4806F42D04FF0B0418A6822F0030277
:1061E80013438B60FBF71AFA06464FF0B0439B68DF
:1061F80003F00C036A68B3EB820F08D0FBF70EFAC2
:10620800801B41F288339842EFD9032023E0144BD6
:106218001B6803F00703A34215D9114A136823F03A
:10622800070323431360FBF7F9F905460C4B1B687A
:1062380003F00703A34206D0FBF7F0F9401B02283E
:10624800F4D9032007E0FFF79BFB064B1860064BC9
:106258001868FBF7E1F970BD012070470120FAE7E3
:1062680000400058A0000020A400002008B5FFF757
:1062780087FB4FF0B0439B68C3F30223024A52F8EE
:106288002330D84008BD00BF2059010808B5FFF7E2
:1062980077FB4FF0B0439B68C3F3C223024A52F81E
:1062A8002330D84008BD00BF205901084FF0B04145
:1062B800D1F88830020902F47F2223EA02030001A0
:1062C80000F47F200343C1F88830704770B5044656
:1062D800036813F4803F40F0AA800025236813F078
:1062E800010F0AD062684FF0B041D1F8883023EA34
:1062F800124392B21343C1F88830236813F0020F97
:106308000AD0A2684FF0B041D1F8883023EA12438E
:1063180092B21343C1F88830236813F0200F09D0D4
:1063280023694FF0B041D1F8882022F4406213432A
:10633800C1F88830236813F4007F0CD0206A4FF02E
:10634800B041D1F88830020C120423EA020343EA70
:106358000043C1F88830236813F4806F0CD0606A5A
:106368004FF0B041D1F88830020C120423EA02033E
:1063780043EA0043C1F88830236813F4006F0CD057
:10638800A06A4FF0B041D1F88830020C120423EA19
:10639800020343EA0043C1F88830236813F0400F32
:1063A80040F09D80236813F0800F40F09C802368A4
:1063B80013F4807F40F09B80236813F0100F0ED0F9
:1063C800E3684FF0B041D1F8882022F440721343BB
:1063D800C1F88830E368B3F5807F00F08C802368CB
:1063E80013F4004F0FD0236B4FF0B041D1F8882041
:1063F80022F040421343C1F88830236B1BB9CB68A5
:1064080043F08073CB60236813F4804F0DD0E36AA8
:106418004FF0B041D1F8882022F040521343C1F820
:106428008830E36AB3F1005F6AD0284670BDFFF791
:106438001DF9FBF7F3F80546344B1B6813F4807F0E
:1064480006D1FBF7EBF8401B0228F5D9032500E03D
:106458000025002D7FF442AF4FF0B043D3F89030C1
:1064680003F44073626B9A4224D04FF0B043D3F8E0
:10647800902022F44072D3F8901041F48031C3F890
:106488009010D3F8901021F48031C3F89010C3F81D
:10649800902012F0020F0FD1002D7FF41FAF636B15
:1064A8004FF0B041D1F8902022F440721343C1F864
:1064B800903013E70022ECE7FBF7B0F806464FF000
:1064C800B043D3F8903013F0020FE5D1FBF7A6F8EC
:1064D800801B41F288339842F1D90325DCE76069D3
:1064E800FFF7E4FE5EE7A069FFF7E0FE5FE7E0691B
:1064F800FFF7DCFE60E7CB6843F08073CB606EE7A4
:10650800CB6843F48033CB608FE700BF00040058AA
:10651800034690F82C20012A35D0012280F82C203F
:10652800022280F82D20194ACA2050625320506256
:10653800B1F5807F18D0154A916921F4085191610D
:10654800D16C21F00041D164196B21F0020119636B
:106558000221D1650D4AFF215162012283F82D20C5
:10656800002083F82C007047916921F488519161CB
:10657800516C21F000415164196B21F0010119633C
:106588000121D165E6E70220704700BF00280040DE
:1065980038B504460D4B5D6D036B1D4015F0010FBA
:1065A80006D115F0020F09D1012384F82D3038BD2A
:1065B800064B0122DA65FBF7BBF9F2E7034B02222F
:1065C800DA65204600F0EEF9EEE700BF002800404B
:1065D80010B50B4AD36823F02003D360FBF71EF8ED
:1065E8000446074BDB6813F0200F07D1FBF716F8BA
:1065F800001BB0F57A7FF4D9032000E0002010BD1D
:106608000028004070B5114BDB6813F0400F02D032
:106618000024204670BD06460C4AD36843F0800328
:10662800D360FAF7FBFF05460024084BDB6813F03C
:10663800400FEED1032CECD0FAF7F0FF431BB3F573
:106648007A7FF2D9032486F82D40EEE7002800402F
:1066580010B50446104BDA6822F08002DA609B69B4
:1066680013F0200F06D1FFF7B3FF98B1032084F889
:106678002D000FE0084A936923F020039361FFF788
:10668800A7FF10B1032084F82D00034A936943F053
:106698002003936110BD00BF00280040002855D09A
:1066A80038B5044690F82D3063B1022384F82D30B4
:1066B800274BDB6813F0100F09D00020012384F862
:1066C8002D3038BD80F82C30FAF71EFEEDE7204B50
:1066D800CA225A6253225A622046FFF793FF18B122
:1066E8001B4BFF225A62ECE7194B9A6922F08E6223
:1066F80022F040029A619969626820690243A069A0
:1067080002430A439A61E268A16842EA01421A61B7
:10671800DA6822F4F852616AA06A01430A43DA602F
:106728002046FFF795FF18B1094BFF225A62C8E7C8
:1067380007498B6923F06043226AE5692A43656942
:106748002A4313438B61FF234B62B7E7012070474D
:1067580000280040002302E001330A38C0B20928AB
:10676800FAD81B01DBB218437047000090F82C30B0
:10677800012B00F0B0802DE9F04105460C460123BD
:1067880080F82C30022380F82D30544BDE6806F454
:106798004076B6F5807F43D012BB9B6913F0400F5B
:1067A80001D10023CB70D4F814802078FFF7D2FFF2
:1067B80007046078FFF7CEFF47EA0027A078FFF7C5
:1067C800C9FF0743E37847EA835794F82400FFF7A3
:1067D800C1FF47EA0060236A184348EA000020E046
:1067E8004869B0F1803F09D0B0F5000F06D03B4BA7
:1067F8009B6913F0400F01D10023CB702278637896
:106808001B0243EA0243A2781343E27843EA825325
:1068180094F8242043EA0263226A1343184300E0F1
:1068280000202E4BCA225A6253225A62A36AB3F539
:10683800807F2AD0294B9A6922F408529A61022251
:10684800DA65B6F5807F40D0244B9864A269DA6493
:106858006268224B5A672A6B42F002022A639A69DD
:1068680042F408529A611E4AD2F8803043F4003349
:10687800C2F88030194BFF225A62012385F82D3067
:10688800002085F82C00BDE8F081144B9A6922F4A9
:1068980088529A610122DA65B6F5807F0FD00F4BD6
:1068A8001864A2695A6462680C4B1A672A6B42F032
:1068B80001022A639A6942F488529A61D3E7A3696C
:1068C800E2691343054A5364EDE7A369E269134398
:1068D800024AD364BCE70220704700BF002800408A
:1068E8000008005890F82C30012B17D0012180F8AF
:1068F8002C10022380F82D30094BCA225A625322E9
:106908005A629A6942F020029A61FF225A6280F81C
:106918002D10002380F82C3018467047022070474D
:106928000028004090F82C30012B20D010B4012111
:1069380080F82C10022380F82D300E4BCA225A62A0
:1069480053225A629A6942F080029A610A4CD4F83A
:10695800802042F48022C4F88020FF225A6280F806
:106968002D10002380F82C30184610BC70470220E8
:10697800704700BF002800400008005810B50446C2
:10698800074B5B6D13F0400F03D1012384F82D30C2
:1069980010BD034B4022DA65FAF7CEFFF5E700BFDA
:1069A800002800407047890001F1804101F531411C
:1069B8000A607047890001F1804101F5314108689A
:1069C80070470000074B1A6822F040021A6040F432
:1069D800417018604FF4B8525A601A6842F0400289
:1069E8001A6070470000015830B583B000285DD0A8
:1069F8000446837903F0FF050BB1032D0BD1002367
:106A080063712046FAF720FD294AD2F8903043F402
:106A18008053C2F8903085B1264B4FF400629A61DA
:106A280000252068FFF7CEFF012323710023A36010
:106A38000123A371284603B030BD0223A3714FF090
:106A4800B042D2F8943023F40043C2F894301A4B81
:106A58001B68C3EBC303C3F34C43642202FB03F379
:106A6800019314E00125A560124BD3F8902042F45D
:106A78000042C3F890209A6842F400629A604FF48A
:106A880000629A61002DD3D1CBE7002BECD0019B9B
:106A9800002BE7D0019B013B01934FF0B043D3F8A3
:106AA800943013F48043F0D00123EEE70125C1E7C9
:106AB8000008005800040058A000002082B00246D8
:106AC8001A4B1B68C3EBC303C3F34C43642000FB9E
:106AD80003F30193019B4BB1019B013B0193144BC1
:106AE8009B6813F0020FF5D0002001E001209060B0
:106AF8000F4B19730D4B1B68C3EBC303C3F34C4314
:106B0800642101FB03F30193019B43B1019B013B0A
:106B18000193074B9B6813F0010FF5D001E00120AA
:106B28009060034BDB6802B0704700BFA0000020F4
:106B38000000015882B002461C4B1B68C3EBC3031C
:106B4800C3F34C43642000FB03F30193019B4BB157
:106B5800019B013B0193164B9B6813F0020FF5D084
:106B6800002001E001209060114B4FF0FF0C83F8EA
:106B78000CC00E4B1B68C3EBC303C3F34C434FF06D
:106B8800640C0CFB03F30193019B43B1019B013B94
:106B98000193074B9B6813F0010FF5D001E001202A
:106BA8009060034BDB680B7002B07047A0000020B8
:106BB8000000015882B0134B1B6803EB4303C3F377
:106BC8004B43642202FB03F3019306E00223836034
:106BD800012002B07047134212D00B4B5B6913F0CF
:106BE800040300D00123019A002AEFD0019A013A48
:106BF8000192054A526912F00202ECD00122EAE73A
:106C08000020E6E7A00000200004005800B583B08B
:106C18000379012B04D0FFF7CDFF03B05DF804FB27
:106C28000D4B1B6803EB4303C3F34F3301930B4A2C
:106C3800D2F8903023F40043C2F89030019B013B16
:106C48000193019B002BF9D1044AD2F8903043F408
:106C58000043C2F89030DEE7A0000020000400588E
:106C68002DE9F041054680795FFA80F8B8F1010F07
:106C78003ED10C4617461E466B79012B3BD00123AB
:106C88006B710223AB712846FFF7C0FF1B4AD2F88D
:106C9800903023F40043C2F890300D212846FFF7C6
:106CA8000DFF210A2846FFF709FFE1B22846FFF742
:106CB80005FF002405E0395D2846FFF7FFFE013493
:106CC800A4B2B442F7D30D4AD2F8903043F400434B
:106CD800C2F890302846FFF76DFFAB680BB94FF04C
:106CE80000080123AB7100236B714046BDE8F081B9
:106CF8004FF00208F9E74FF00208F6E700040058E1
:106D08002DE9F041064680795FFA80F8B8F1010F65
:106D180041D10C4615461F467379012B3ED00123FD
:106D280073713046FFF772FF1E4AD2F8903023F491
:106D38000043C2F890301D213046FFF7BFFE210AFC
:106D48003046FFF7BBFEE1B23046FFF7B7FE002141
:106D58003046FFF7B3FE002406E029463046FFF729
:106D6800E9FE01350134A4B2BC42F6D30D4AD2F88B
:106D7800903043F40043C2F890303046FFF71AFFD2
:106D8800B3680BB94FF000080123B3710023737186
:106D98004046BDE8F0814FF00208F9E74FF00208DD
:106DA800F6E700BF000400582DE9F843054680794E
:106DB8005FFA80F9B9F1010F43D1884617461E469C
:106DC8006B79012B40D001236B712846FFF71EFF1A
:106DD800B8F1840F05D0B8F1940F02D000232B71BD
:106DE80001E001232B711A4AD2F8903023F40043B2
:106DF800C2F8903041462846FFF760FE002405E0BF
:106E0800395D2846FFF75AFE0134A4B2B442F7D3DD
:106E18000F4AD2F8903043F40043C2F89030B8F1EA
:106E2800840F0AD1AB680BB94FF000090123AB718D
:106E380000236B714846BDE8F8832846FFF7BAFE81
:106E4800F0E74FF00209F5E74FF00209F2E700BF5B
:106E5800000400582DE9F041064680795FFA80F871
:106E6800B8F1010F39D10C4615461F467379012B2D
:106E780036D0012373713046FFF7C8FE1A4AD2F89C
:106E8800903023F40043C2F8903021463046FFF793
:106E980015FE00213046FFF711FE002406E02946C2
:106EA8003046FFF747FE01350134A4B2BC42F6D3A1
:106EB8000D4AD2F8903043F40043C2F8903030467F
:106EC800FFF778FEB3680BB94FF000080123B371E0
:106ED800002373714046BDE8F0814FF00208F9E7DE
:106EE8004FF00208F6E700BF0004005830B583B041
:106EF80005460023ADF80430022301AA1221FFF74A
:106F0800A9FF9DF804309DF8054044EA032424B203
:106F1800022301AA19462846FFF746FF14F0010F7D
:106F280023D114F0020F24D114F0040F25D114F04A
:106F3800080F26D114F0100F27D114F0200F28D1F4
:106F480014F0400F29D114F0800F06D014F4807F7C
:106F580027D0012128460BF04DFA14F4007F25D1E3
:106F680014F4804F26D103B030BD28460BF02AFA1E
:106F7800D7E728460BF02EFAD6E728460BF05EFA3C
:106F8800D5E728460BF062FAD4E728460BF066FAF4
:106F9800D3E728460BF04AFAD2E728460BF022FA44
:106FA800D1E7002128460BF025FAD6E728460BF052
:106FB80033FAD5E728460BF059FAD4E72DE9F04122
:106FC800054680795FFA80F8B8F1010F38D10C4690
:106FD80017461E466B79012B35D001236B71284665
:106FE800FFF714FE194AD2F8903023F40043C2F890
:106FF80090300E212846FFF761FD21462846FFF70D
:107008005DFD002405E0395D2846FFF757FD013492
:10701800A4B2B442F7D30D4AD2F8903043F40043F7
:10702800C2F890302846FFF7C5FDAB680BB94FF0A2
:1070380000080123AB7100236B714046BDE8F08165
:107048004FF00208F9E74FF00208F6E7000400588D
:107058002DE9F041064680795FFA80F8B8F1010F12
:107068003DD10C4615461F467379012B3AD00123B2
:1070780073713046FFF7CAFD1C4AD2F8903023F4EA
:107088000043C2F890301E213046FFF717FD214615
:107098003046FFF713FD00213046FFF70FFD0024AF
:1070A80006E029463046FFF745FD01350134A4B214
:1070B800BC42F6D30D4AD2F8903043F40043C2F8EC
:1070C80090303046FFF776FDB3680BB94FF00008F3
:1070D8000123B371002373714046BDE8F0814FF07E
:1070E8000208F9E74FF00208F6E700BF000400586D
:1070F800026852E8003F23F0C00342E8003100294B
:10710800F6D1026802F1080353E8003F23F40003B4
:10711800083242E800310029F3D12023C0F8883032
:107128007047026852E8003F23F4907342E8003148
:107138000029F6D1026802F1080353E8003F23F062
:10714800805323F00103083242E800310029F1D1CD
:10715800C36E012B06D02023C0F88C300023C366F1
:1071680043677047026852E8003F23F0100342E883
:1071780000310029F6D1EEE71346D0F88820202AFE
:107188003DD110B5044600293BD0002B3BD001650A
:10719800A0F85430A0F856300022C0F890202122E0
:1071A800C0F88820C26FCAB11849D162C26F1849A5
:1071B8001163C26F17495163C26F0021916302685E
:1071C8002832016DC06FFDF753FE38B11023C4F8A3
:1071D80090302023C4F8883001200FE02368402233
:1071E8001A62226802F1080353E8003F43F0800363
:1071F800083242E800310029F3D1002010BD0220F6
:1072080070470120FAE70120F8E700BF2172000863
:107218008F7200089B72000808B50346806A1B68D5
:107228001B6813F0200F18D10023A0F8563002680D
:1072380002F1080353E8003F23F08003083242E8D4
:1072480000310029F3D1026852E8003F43F04003BF
:1072580042E800310029F6D108BDFAF7A7FCFBE7A0
:1072680008B5026852E8003F23F0400342E80031C5
:107278000029F6D12023C0F8883000238367FAF765
:1072880095FC08BD704708B5806AFFF7FBFF08BD8D
:10729800704738B5846AD4F88820D4F88C502368AD
:1072A8009B6813F0800F01D0212A10D023689B68B7
:1072B80013F0400F01D0222D10D0D4F8903043F0B5
:1072C8001003C4F890302046FFF7E2FF38BD0023D2
:1072D800A4F856302046FFF70BFFE7E70023A4F891
:1072E8005E302046FFF71DFFE7E708B5806A0023F8
:1072F800A0F85E30A0F85630FFF7CAFF08BD704707
:1073080070B504460268D3691068916840F60F0C9E
:1073180013EA0C0F0DD113F0200F10D010F0200F2E
:1073280002D111F0805F0AD0636F93B3204698476B
:107338002FE0B44D0D402DD1B34E30422AD1E56E29
:10734800012D00F0C08013F4801F03D011F4800FCA
:1073580040F05E8113F0800F07D010F0800F40F0EE
:107368005E8111F4000F40F05A8113F0400F03D0F2
:1073780010F0400F40F05A8113F4000F03D010F0C2
:10738800804F40F0578113F0807F02D00028C0F270
:10739800558170BD13F0010F09D010F4807F06D01D
:1073A80001261662D4F890203243C4F8902013F0D6
:1073B800020F0BD011F0010F08D0226802261662C6
:1073C800D4F8902042F00402C4F8902013F0040F7F
:1073D8000BD011F0010F08D0226804261662D4F8E9
:1073E800902042F00202C4F8902013F0080F0BD04E
:1073F80010F0200F00D13DB1226808251562D4F89D
:1074080090202A43C4F8902013F4006F0CD010F099
:10741800806F09D022684FF400651562D4F8902077
:1074280042F02002C4F89020D4F89020002AB0D06E
:1074380013F0200F09D010F0200F02D111F0805F57
:1074480003D0636F0BB120469847D4F89020236887
:107458009B6813F0400F02D112F0280F2CD0204661
:10746800FFF75FFE23689B6813F0400F20D0226867
:1074780002F1080353E8003F23F04003083242E8D2
:1074880000310029F3D1D4F880306BB15F4A9A6398
:10749800D4F88000FDF772FD00283FF47AAFD4F8E5
:1074A8008000836B984774E72046FFF7F1FE70E78A
:1074B8002046FFF7EDFE6CE72046FFF7E9FE0023C4
:1074C800C4F8903065E713F0100F3FF43CAF10F0AC
:1074D800100F3FF438AF1023136223689B6813F032
:1074E800400F53D0D4F8802013685B689BB2002B00
:1074F8003FF44FAFB4F85C1099427FF64AAFA4F856
:107508005E3013681B6813F0200F32D1226852E8EE
:10751800003F23F4807342E800310029F6D1226845
:1075280002F1080353E8003F23F00103083242E860
:1075380000310029F3D1226802F1080353E8003F23
:1075480023F04003083242E800310029F3D1202318
:10755800C4F88C300023E366226852E8003F23F029
:10756800100342E800310029F6D1D4F88000FDF775
:10757800CBFC02232367B4F85C10B4F85E309BB2EE
:10758800C91A89B22046FFF7BAFE02E7B4F85C10C0
:10759800B4F85E309BB2C91A89B2B4F85E309BB2B7
:1075A800002B3FF4F6AE00293FF4F3AE226852E810
:1075B800003F23F4907342E800300028F6D1226897
:1075C80002F1080353E8003F23F0805323F001033E
:1075D800083242E800300028F1D12023C4F88C306A
:1075E8000023E3666367226852E8003F23F0100334
:1075F80042E800300028F6D1022323672046FFF72F
:107608007EFEC6E60100001020010004F3720008A7
:107618004FF480131362204600F060FEB9E6A36FB2
:10762800002B3FF4B6AE20469847B2E62046FFF757
:1076380017FEAEE6204600F053FEAAE6204600F00C
:107648004EFEA6E608B5B0F86030D0F88C20222AA5
:1076580005D00268936943F00803936108BD026886
:10766800516ADBB2826D0B401370836D0133836501
:10767800B0F85E309BB2013B9BB2A0F85E30B0F828
:107688005E309BB2002BE9D1026852E8003F23F438
:10769800907342E800310029F6D1026802F108032C
:1076A80053E8003F23F00103083242E80031002983
:1076B800F3D12023C0F88C300023436703670368A5
:1076C800164A93420CD05B6813F4000F08D0026886
:1076D80052E8003F23F0806342E800310029F6D1E8
:1076E800C36E012B16D10023C366026852E8003F1F
:1076F80023F0100342E800310029F6D10368DA6963
:1077080012F0100F01D010221A62B0F85C10FFF7C7
:10771800F6FDA3E7FAF75AFAA0E700BF0080004099
:1077280008B5B0F86020D0F88C30222B05D002685C
:10773800936943F00803936108BD03685B6A816D30
:1077480013400B80836D02338365B0F85E309BB2C3
:10775800013B9BB2A0F85E30B0F85E309BB2002BC4
:10776800EAD1026852E8003F23F4907342E80031FE
:107778000029F6D1026802F1080353E8003F23F01C
:107788000103083242E800310029F3D12023C0F870
:107798008C300023436703670368164A93420CD072
:1077A8005B6813F4000F08D0026852E8003F23F02A
:1077B800806342E800310029F6D1C36E012B16D14F
:1077C8000023C366026852E8003F23F0100342E832
:1077D80000310029F6D10368DA6912F0100F01D0E0
:1077E80010221A62B0F85C10FFF789FDA4E7FAF7D7
:1077F800EDF9A1E7008000402DE9F843B0F860609A
:107808000368DD69D3F80090D3F80880D0F88C209D
:10781800222A05D09A6942F008029A61BDE8F883E5
:107828000446B0F8687008E0D4F89030002B4CD1CA
:10783800B4F85E309BB2002B4ED0002F00F09A8037
:1078480015F0200F00F096802368596AF3B2A26DF4
:107858000B401370A36D0133A365B4F85E309BB27F
:10786800013B9BB2A4F85E302368DD6915F0070F71
:10787800DED015F0010F09D019F4807F06D001225F
:107888001A62D4F890301343C4F8903015F0020F00
:107898000BD018F0010F08D0236802221A62D4F81E
:1078A800903043F00403C4F8903015F0040FBBD0B7
:1078B80018F0010FB8D0236804221A62D4F8903067
:1078C80043F00203C4F89030AEE72046FFF7E0FC2F
:1078D8000023C4F89030ABE7226852E8003F23F455
:1078E800807342E800310029F6D1226802F10803CA
:1078F80053E8003F23F0805323F00103083242E8A5
:1079080000310029F1D12023C4F88C3000236367AB
:1079180023672368294A934203D05B6813F4000F56
:1079280006D1E36E012B0DD02046FAF74FF984E714
:10793800226852E8003F23F0806342E800310029C2
:10794800F6D1EEE70023E366226852E8003F23F011
:10795800100342E800310029F6D12368DA6912F0F1
:10796800100F01D010221A62B4F85C102046FFF7FD
:10797800C6FC62E7B4F85E309BB2002B3FF44EAF12
:10798800B4F868209A427FF649AF226802F10803EA
:1079980053E8003F23F08053083242E800310029C1
:1079A800F3D1074B6367226852E8003F43F0200396
:1079B80042E800310029F6D130E700BF00800040DE
:1079C8004D7600082DE9F843B0F860600368DD697A
:1079D800D3F80090D3F80880D0F88C20222A05D05C
:1079E8009A6942F008029A61BDE8F8830446B0F843
:1079F800687008E0D4F89030002B4BD1B4F85E30B2
:107A08009BB2002B4DD0002F00F0998015F0200F6D
:107A180000F0958023685B6AA26D33401380A36DE4
:107A28000233A365B4F85E309BB2013B9BB2A4F865
:107A38005E302368DD6915F0070FDFD015F0010F00
:107A480009D019F4807F06D001221A62D4F8903048
:107A58001343C4F8903015F0020F0BD018F0010F43
:107A680008D0236802221A62D4F8903043F0040345
:107A7800C4F8903015F0040FBCD018F0010FB9D03D
:107A8800236804221A62D4F8903043F00203C4F841
:107A98009030AFE72046FFF7FBFB0023C4F8903097
:107AA800ACE7226852E8003F23F4807342E80031D3
:107AB8000029F6D1226802F1080353E8003F23F0B9
:107AC800805323F00103083242E800310029F1D144
:107AD8002023C4F88C300023636723672368294A6E
:107AE800934203D05B6813F4000F06D1E36E012BB9
:107AF8000DD02046FAF76AF885E7226852E8003F79
:107B080023F0806342E800310029F6D1EEE7002334
:107B1800E366226852E8003F23F0100342E8003190
:107B28000029F6D12368DA6912F0100F01D010226B
:107B38001A62B4F85C102046FFF7E1FB63E7B4F87B
:107B48005E309BB2002B3FF44FAFB4F868209A42E6
:107B58007FF64AAF226802F1080353E8003F23F09A
:107B68008053083242E800310029F3D1064B63679D
:107B7800226852E8003F43F0200342E80031002920
:107B8800F6D131E7008000402977000870B5044637
:107B9800016883680269134342691343C269134346
:107BA80008689D4A02401A430A602268536823F411
:107BB8004053E1680B435360A1692268974B9A428E
:107BC80001D0236A1943936823F06E4323F430638A
:107BD8000B4393602268D36A23F00F03616A0B4357
:107BE800D36223688E4A93421CD08E4A934231D086
:107BF8008A4A93424BD0102288498B4268D0E06968
:107C0800B0F5004F00F0A580082A00F21F81DFE8D8
:107C180012F0D300F500D1001D01F8001D011D016F
:107C28001D01FB004FF0B042D2F8882002F0030299
:107C380042F44032A2F54032032A09D8DFE802F0C4
:107C480002043C060122D7E70422D5E70822D3E73D
:107C58001022D1E74FF0B042D2F8882002F00C028F
:107C680042F44022A2F540220C2A0ED8DFE802F0A6
:107C7800070D0D0D090D0D0D260D0D0D0B00002224
:107C8800BAE70422B8E70822B6E71022B4E74FF0B3
:107C9800B042D2F8882002F44062B2F5006F0FD0EB
:107CA80005D87AB1B2F5806F0ED10422A4E7B2F5F7
:107CB800406F0BD108229FE702229DE702229BE733
:107CC800022299E7002297E7102295E7102293E70E
:107CD800082A00F29C80DFE802F0089A3A9A379A5C
:107CE8009A9A05004FF4004004E0FEF7BFFA002816
:107CF80000F08F80626A4C4B33F81220B0FBF2F32D
:107D0800656805EB4501994200F29480B3EB053FA5
:107D180000F29280002633463146F8F7ABFD09029F
:107D280041EA106100026B08C0182A46334641F147
:107D38000001F8F79FFDA0F540723C4B9A427DD8B0
:107D48002368D860304650E0FDF792FDCFE7384809
:107D5800D0E7082A74D8DFE802F0072705732A73EA
:107D680073730B00324803E0FEF780FA002869D0ED
:107D7800626A2D4B33F81230B0FBF3F06268530897
:107D880003EB4003B3FBF2F3A3F110014FF6EF72DC
:107D9800914259D89AB222F00F02C3F34203134317
:107DA8002268D360002020E0FEF770FADEE7FDF7D6
:107DB8005FFDDBE71E4803E0FEF758FA002847D0CE
:107DC800626A194B33F81230B0FBF3F0636800EBCA
:107DD8005300B0FBF3F0A0F110024FF6EF739A4294
:107DE80038D8236880B2D86000200123A4F86A300C
:107DF800A4F8683000236367A36770BDFEF746FAEE
:107E0800DCE7FDF735FDD9E74FF40040D8E701205E
:107E1800EBE70020E9E700BFF369FFCF00800040EF
:107E2800003801400044004080590108FFFC0F0061
:107E38000024F4000120D8E70120D6E70120D4E788
:107E48000120D2E70020D0E70120CEE70120CCE7CF
:107E58000020CAE70120C8E7836A13F0010F06D0A3
:107E68000268536823F40033C16A0B435360836A82
:107E780013F0020F06D00268536823F48033016BB5
:107E88000B435360836A13F0040F06D002685368EB
:107E980023F48023416B0B435360836A13F0080F6C
:107EA80006D00268536823F40043816B0B43536088
:107EB800836A13F0100F06D00268936823F4805386
:107EC800C16B0B439360836A13F0200F06D00268DE
:107ED800936823F40053016C0B439360836A13F097
:107EE800400F0AD00268536823F48013416C0B4397
:107EF8005360436CB3F5801F0BD0836A13F0800F77
:107F080006D00268536823F40023C16C0B43536006
:107F180070470268536823F4C003816C0B435360B5
:107F2800EBE72DE9F84305460F4616469946DDF876
:107F380020802B68DC6937EA04040CBF0124002484
:107F4800B44257D1B8F1FF3FF3D0F9F767FBA0EB84
:107F5800090040452FD8B8F1000F2CD02B681A68BB
:107F680012F0040FE5D0DA6912F4006FE1D04FF493
:107F780000621A622A6852E8003F23F4D07342E88C
:107F880000310029F6D12A6802F1080353E8003FBE
:107F980023F00103083242E800310029F3D12023FD
:107FA800C5F88830C5F88C30C5F89030002385F8BE
:107FB800843003201FE02A6852E8003F23F4D0737E
:107FC80042E800310029F6D12A6802F1080353E893
:107FD800003F23F00103083242E800310029F3D1C1
:107FE8002023C5F88830C5F88C30002385F8843004
:107FF800032000E00020BDE8F88330B583B00446D4
:108008000023C0F89030F9F709FB0546226812688A
:1080180012F0080F10D123681B6813F0040F19D150
:108028002023C4F88830C4F88C300020E06620672C
:1080380084F8840003B030BD6FF07E43009303469C
:1080480000224FF400112046FFF76BFF0028E2D012
:108058000320EFE76FF07E4300932B4600224FF496
:1080680080012046FFF75DFF0028D9D00320E1E713
:1080780078B310B50446D0F888300BB32423C4F87D
:1080880088302268136823F0010313602046FFF745
:108098007DFD012813D0A36ABBB92268536823F475
:1080A800904353602268936823F02A039360226800
:1080B800136843F0010313602046FFF79EFF10BDCD
:1080C80080F88430F9F776FCD8E72046FFF7C4FE3D
:1080D800E3E701207047000010B48165A0F85C2038
:1080E800A0F85E20002343678368B3F5805F06D05D
:1080F800A3B9036973B9FF23A0F8603014E00369DA
:1081080023B940F2FF13A0F860300DE0FF23A0F878
:10811800603009E07F23A0F8603005E0B3F1805FAC
:108128002DD00023A0F860300023C0F8903022231F
:10813800C0F88C30016801F1080353E8003F43F0B0
:108148000103083141E80034002CF3D1436EB3F148
:10815800005F1ED08368B3F5805F42D0294B436728
:108168000369002B43D0026852E8003F43F4907340
:1081780042E800310029F6D1002010BC704703699D
:108188001BB97F23A0F86030CEE73F23A0F860300A
:10819800CAE7B0F868309342DCD88368B3F5805FEB
:1081A80019D0194B4367036943B1026852E8003F8D
:1081B80043F4807342E800310029F6D1026802F1E5
:1081C800080353E8003F43F08053083242E8003187
:1081D8000029F3D1D0E70369002BE2D10B4B4367A9
:1081E800E1E70369002BB9D1094B4367B8E7026897
:1081F80052E8003F43F0200342E800310029F6D15D
:10820800BAE700BF4D76000801780008CD7900086C
:108218002977000838B5D0F88C30202B17D1C1B198
:10822800CAB10023C36603680C4CA3420CD05B6838
:1082380013F4000F08D0046854E8003F43F080634B
:1082480044E80035002DF6D1FFF746FF00E0022094
:1082580038BD0120FCE70120FAE700BF008000409C
:1082680082B002AB03E906000268536823F01003EA
:10827800BDF804100B4353600268536823F07F4332
:108288009DF8061043EA0163536002B0704700008E
:10829800436E2BB90123A0F86A30A0F86830704704
:1082A80030B403689A68C2F342629968490F094D6D
:1082B8006B5CDB00084C615C93FBF1F3A0F86A305F
:1082C800AB5CDB00A25C93FBF2F3A0F8683030BC37
:1082D800704700BFA05901089859010870477047B6
:1082E800704710B584B004AB03E9060090F88430F9
:1082F800012B35D00446012380F884302423C0F8AC
:1083080088300268136823F00103136001688B68E2
:1083180023F44013029A13438B60AAB122681368AE
:1083280043F001031360F9F779F903466FF07E42D1
:10833800009200224FF480012046FFF7F2FD48B971
:108348002023C4F8883006E004AB13E90600FFF7E1
:1083580087FFE3E70320002384F8843004B010BDCE
:108368000220FBE790F88430012B10D0012380F81D
:108378008430026852E8003F43F0020342E80031CB
:108388000029F6D1002380F884301846704702206F
:10839800704790F88430012B1DD010B50446012396
:1083A80080F884302423C0F8883002681368116884
:1083B80021F00101116043F000534FF00052426672
:1083C80002681360FFF764FF2023C4F88830002098
:1083D80084F8840010BD0220704738B590F88430C6
:1083E800012B1DD00446012380F884302423C0F8D3
:1083F800883003681D681A6822F001021A60026852
:10840800936823F0604319439160FFF741FF2368A5
:108418001D602023C4F88830002084F8840038BD0B
:108428000220FCE738B590F88430012B1DD00446B3
:10843800012380F884302423C0F8883003681D683D
:108448001A6822F001021A600268936823F06063D8
:1084580019439160FFF71CFF23681D602023C4F8AF
:108468008830002084F8840038BD0220FCE7000032
:10847800042807D808B5054B53F820309B681BB172
:10848800984708BD002070470020FAE740090020FF
:1084980070B505460E46002405E09B690BB13046D1
:1084A8009847013464B2042C24DC134B53F824306D
:1084B800002BF6D0032DF4D801A252F825F000BF06
:1084C800A3840008D9840008E5840008F184000822
:1084D800DB69002BE5D030469847E2E71B6A002BA2
:1084E800DFD030469847DCE75B6A002BD9D03046AE
:1084F8009847D6E770BD00BF4009002010B5044674
:10850800114B00221A7042785A7090F902201A72A0
:10851800B1F900205A7291F902209A72CA781A7435
:108528004268DA60094B1B68DB6A3BB102780A2AA9
:1085380004D00E2A02D0044900209847214603207F
:10854800FFF7A6FF10BD00BFA800002024090020E7
:1085580010B504460D4B01221A7042785A7090F9F2
:1085680002209A72C268DA6090F903201A760269CA
:108578005A7602795A72064B1B689B6A0BB10348FC
:10858800984721460020FFF783FF10BDBC0000205C
:108598002409002010B5002401E0013464B2042C41
:1085A8000ADC074B53F82430002BF6D0DB689847D9
:1085B80003460028F1D000E00023184610BD00BF94
:1085C8004009002038B5002401E0013464B2042CCD
:1085D80012DC0A4B53F82430002BF6D01B69002B11
:1085E800F3D0E0B2FFF744FF0028EED0034B53F876
:1085F80024301B699847E8E738BD00BF40090020D0
:1086080008B5044BD870044B1B681B6C03B1984722
:1086180008BD00BF280900202409002008B5044B24
:108628001874044B1B685B6C03B1984708BD00BF06
:10863800280900202409002030B591B00C460123F8
:108648008DF82C30334B93F904208DF8312093F9B1
:1086580005108DF83210022822D001208DF8300044
:108668002D4BD8711A715971002199711C722B4BBD
:108678001B78F3B103F046FD01238DF804308DF823
:10868800083001A803F094FF244B1B7803B114B100
:108698000BA804F05DFA0F9A214B1A6011B030BD97
:1086A80002228DF830201C4BDA711C7203F02AFD6F
:1086B800EAE71F238DF804308DF8082001A803F09D
:1086C80077FF20238DF80430124D95F904308DF88A
:1086D800083001A803F06CFF22238DF8043095F9C7
:1086E80005308DF8083001A803F062FF21238DF8CA
:1086F800043095F905308DF8083001A803F058FFCB
:1087080029238DF80430074B029301A803F050FF8A
:10871800B0E700BF28090020D8000020000800208A
:10872800F80800200004000100B587B009238DF87F
:10873800043001A804F00CFA059A044B1A6010B929
:1087480007B05DF804FB4FF0FF30F9E7F8080020A8
:10875800014B1868704700BFF808002000B58BB0BF
:1087680001238DF80030684603F094FD20B99DF888
:10877800040010B1012000E000200BB05DF804FBFC
:1087880070B586B004460D46164603F069FA00280F
:1087980068D103F083FA002867D1FFF7DFFF0128CB
:1087A80037D1354B1D72003D18BF01258DF8045097
:1087B800324B93F904308DF812306946607803F033
:1087C800FFFC70B300238DF804300393ADF810302C
:1087D8006FF00605284B03F1100C94E803008CE8B1
:1087E8000300264A92F904209A72314601A804F03F
:1087F800B3FA059A224B1A60112830D8DFE800F046
:10880800211C2F2F2F2F2F382F2F2F2C2F2F1C1CB1
:108818001C291C4B197AD879FFF70EFF6FF0020557
:108828000CE023788DF808306378ADF81030636871
:1088380003934FF0FF35CDE76FF00105284606B0EA
:1088480070BD114B00221A7015F1070FF6D00025E4
:10885800F4E76FF00405F1E76FF00505EEE74FF078
:10886800FF35EBE76FF00105E8E76FF00205E5E794
:108878006FF00205E2E700BFBC00002028090020D5
:10888800F8080020D8000020F608002000B583B0C2
:1088980003F010FAFFF796FEFFF77CFE10B90B4BBA
:1088A8001B7813B903B05DF804FB00228DF8002093
:1088B8008DF801200192064BD9786846FFF760FFD2
:1088C8000028EFD1014B00221A70EBE7F6080020D0
:1088D8002809002010B58AB0044603F0C1F9B0BBDE
:1088E800FFF73CFF012835D100238DF8003068469A
:1088F80003F0D0FC88BB9DF80430A34230D0012C93
:1089080030D0022C14D014B100200AB010BD0BB91D
:108918000020FAE78DF80440684603F049FE20BBC2
:10892800184B1B681B6B1BB3204698470020ECE7CD
:1089380003BB8DF80440684603F03AFEE8B9114BD2
:108948001B681B6BE3B1204698470020DDE76FF0FA
:108958000100DAE76FF00200D7E74FF0FF30D4E705
:108968000020D2E74FF0FF30CFE74FF0FF30CCE7E1
:108978000020CAE74FF0FF30C7E74FF0FF30C4E7E9
:108988000020C2E72409002070B110B58AB004465F
:1089980000238DF80030684603F07CFC38B99DF858
:1089A800043023700AB010BD4FF0FF3070474FF00D
:1089B800FF30F7E710B584B000238DF807301D4A63
:1089C8000123137043785370002B31D1044690F97A
:1089D8000420184B1A72B1F900205A7291F902203A
:1089E8009A72CA781A740269DA60C3788DF8083006
:1089F800037B8DF80930836803930F4B1B68DB6A90
:108A080013B10C4902A898470B4B1B689B6B13B119
:108A1800227E02B1984721460120FFF739FD0DF16A
:108A28000700FFF7B1FF637913B1044B01221A70F5
:108A380004B010BDA800002024090020F60800207A
:108A480080B110B58AB0044620238DF800306846FE
:108A580003F020FC48B99DF904302370044A1371CF
:108A68000AB010BD4FF0FF3070474FF0FF30F7E706
:108A78002809002020B1044A1278027000207047AB
:108A88004FF0FF30704700BF2809002000B58BB0B9
:108A980023238DF800300190684603F089FD10B952
:108AA8000BB05DF804FB4FF0FF30F9E770B58EB0FE
:108AB80001466D4C1822204607F08FFC6B4B0022B4
:108AC8001A70FAF743FE22780123934041680B425B
:108AD80006D1674B01220021084609F037FEFEE760
:108AE8006449654803F02EF9002840F0B780272331
:108AF8008DF8103004A803F05BFD00287CD15F4B93
:108B080001221A705D4B1B78002B00F09E805C4B95
:108B18001B68DB690BB10020984727238DF81030BC
:108B280004A803F0B7FB059A92F848104E4B197049
:108B380092F81811597092F81A219A704D4BD96809
:108B4800986807F05DFB002840F08B8006238DF8BD
:108B5800103004A803F09EFB4A4C059B636104A8EF
:108B680003F026FD02238DF81030059404A803F0C5
:108B780091FB03238DF810300834059404A803F002
:108B880089FB07F0D7FB0F268DF8106001238DF8BD
:108B9800143004A803F00CFD10238DF810300025C4
:108BA8008DF814500DEB030003F002FD04238DF83B
:108BB80010302D4CA3788DF8143004A803F0F8FC7D
:108BC8003A238DF810306369059304A803F0F0FC8C
:108BD8008DF8086002A9207805F03BFA0190431B44
:108BE80018BF0123E3711420FFF750FFE07904F068
:108BF800A1F928460EB070BD28238DF81030204BFF
:108C08001B681B694BB104A803F044FB1C4B1B6891
:108C18001B6940F2C4510598984727238DF81030F6
:108C280004A803F0C5FC00287FF46CAF01238DF87D
:108C3800103004A803F02EFB9DF81430002B3FF4ED
:108C480061AF0E4B01221A705CE705238DF81030D6
:108C58000023059304A803F0ABFC6FE74FF0FF3047
:108C6800C8E74FF0FF30C5E728090020F6080020C4
:108C7800A8590108FC080020140900200008002059
:108C8800240900206409002030B583B00D46002374
:108C980001930446D8B900F057FE0190019BF3B147
:108CA800104A42F82430104A9A62104A1268916BAE
:108CB8001963916C59630E49D96292695A615B686C
:108CC800F2220C4928469847002003B030BD01A97C
:108CD80000F040FE0028E1D04FF0FF30F5E74FF0FC
:108CE800FF30F2E7400900204186000824090020EF
:108CF800318700080408002000B583B00191194BA2
:108D08001860194B194A1A60194A5A60194A9A6028
:108D1800194ADA600268194B1A6042685A60826818
:108D28009A60C268DA60164A1A6182695A61154BFC
:108D38001960C26B5A60144A9A60144ADA6019467C
:108D48000020FFF7A1FF30B901A800F001FE28B903
:108D580003B05DF804FB4FF0FF30F9E74FF0FF3048
:108D6800F6E700BF240900201409002059850008EF
:108D7800BD8900088590000805850008FC080020CA
:108D88000DE000085409002009860008258600081F
:108D980061B118B1012805D000207047054A0A6062
:108DA80000207047044A0A60002070474FF0FF30E7
:108DB800704700BF000400010100010208B503F07C
:108DC800CFF900B908BD6FF00100FBE700B587B027
:108DD80005238DF8043001A803F0BAFE10B907B0D6
:108DE8005DF804FB4FF0FF30F9E760B100B58BB0D8
:108DF80002228DF800200190684603F04BFA28B94A
:108E08000BB05DF804FB4FF0FF3070474FF0FF30B8
:108E1800F6E710B58AB00446FFF7A0FC01280DD08C
:108E280002238DF800300194684603F0C1FB10B9A5
:108E380000200AB010BD4FF0FF30FAE74FF0FF30C6
:108E4800F7E760B100B58BB003228DF800200190E0
:108E5800684603F01FFA28B90BB05DF804FB4FF021
:108E6800FF3070474FF0FF30F6E710B58AB0044680
:108E7800FFF774FC01280DD003238DF8003001940E
:108E8800684603F095FB10B900200AB010BD4FF0FA
:108E9800FF30FAE74FF0FF30F7E768B110B58AB056
:108EA800044605238DF80030684603F0F3F930B91D
:108EB800019B23600AB010BD4FF0FF3070474FF0A0
:108EC800FF30F7E710B58AB00446FFF747FC0128E2
:108ED8000DD005238DF800300194684603F068FB37
:108EE80010B900200AB010BD4FF0FF30FAE74FF07C
:108EF800FF30F7E768B110B58AB0044606238DF84D
:108F08000030684603F0C6F930B9019B23600AB007
:108F180010BD4FF0FF3070474FF0FF30F7E710B546
:108F28008AB00446FFF71AFC01280DD006238DF8F5
:108F380000300194684603F03BFB10B900200AB0EA
:108F480010BD4FF0FF30FAE74FF0FF30F7E70000B1
:108F580010B50446FFF702FC012804D0034804704A
:108F6800FFF7A4FD10BD4FF0FF30FBE728090020F4
:108F780020B1044A92780270002070474FF0FF3009
:108F8800704700BF2809002010B58AB004460423A2
:108F98008DF800308DF80400684603F009FB18B915
:108FA800034B9C700AB010BD4FF0FF30FAE700BFCA
:108FB800280900200C4B9B787BB910B58AB0044671
:108FC80020238DF800308DF80400684603F0F0FA8D
:108FD80030B9054B1C710AB010BD4FF0FF30704717
:108FE8004FF0FF30F7E700BF2809002020B1044AFE
:108FF800D2790270002070474FF0FF30704700BFF1
:109008002809002008B5034BD87103F093FF00200E
:1090180008BD00BF2809002080B110B58AB00446F9
:1090280012238DF80030684603F034F948B9019BE3
:1090380023609DF8083023710AB010BD4FF0FF304F
:1090480070474FF0FF30F7E780B110B58AB004469B
:1090580021238DF80030684603F01CF948B99DF9C2
:1090680004302370044A53710AB010BD4FF0FF302A
:1090780070474FF0FF30F7E72809002010B58AB095
:1090880004462C4B00221A7042785A702A4B1B68EF
:109098009B6A0BB12748984721460220FFF7F8F949
:1090A8002378052B38D00B2B3ED0012B01D00AB0EA
:1090B80010BD06238DF80030684603F0EBF80199DF
:1090C8001E4BD87907F07AF810B9019A1C4B5A61EF
:1090D8001C4C2046FFF7B4FC601CFFF7B5FF154B8E
:1090E8005B788BB1154BFF229A71134B1B685B6A37
:1090F8000BB1124898470F4B5B78002BD7D10F4B19
:10910800D87907F029F9D2E7231F00229A710E4B6C
:109118005878FFF7DFFBE8E70C4B01225A74227AF4
:109128009A74627ADA74C2E76378002BBFD0FFF7CB
:10913800FBFABCE7BC00002024090020D80000206E
:1091480064090020DC00002028090020A800002075
:1091580068B110B58AB004461A238DF80030684605
:1091680003F098F830B9019B23600AB010BD4FF0A6
:10917800FF3070474FF0FF30F7E768B110B58AB09D
:1091880004461B238DF80030684603F083F830B995
:10919800019B23600AB010BD4FF0FF3070474FF0BD
:1091A800FF30F7E768B110B58AB004461C238DF884
:1091B8000030684603F06EF830B9019B23600AB0AE
:1091C80010BD4FF0FF3070474FF0FF30F7E768B140
:1091D80010B58AB004461D238DF80030684603F0A8
:1091E80059F830B9019B23600AB010BD4FF0FF3029
:1091F80070474FF0FF30F7E710B58AB004462123D7
:109208008DF800308DF80400684603F0D1F918B9DC
:10921800034B5C710AB010BD4FF0FF30FAE700BF96
:109228002809002000B58BB012238DF800300368A0
:10923800019303798DF80830684603F0B9F910B93D
:109248000BB05DF804FB4FF0FF30F9E700B58BB0C9
:109258001A238DF800300190684603F0A9F910B977
:109268000BB05DF804FB4FF0FF30F9E700B58BB0A9
:109278001B238DF800300190684603F099F910B966
:109288000BB05DF804FB4FF0FF30F9E700B58BB089
:109298001C238DF800300190684603F089F910B955
:1092A8000BB05DF804FB4FF0FF30F9E700B58BB069
:1092B8001D238DF800300190684603F079F910B944
:1092C8000BB05DF804FB4FF0FF30F9E74FF0FF30CB
:1092D80070474FF0FF3070474FF0FF30704779B15B
:1092E80010B582B00C4601A906F0B6FD58B9102297
:1092F80001990131204607F070F8002002B010BD36
:109308004FF0FF3070474FF0FF30F7E730B58BB0C4
:1093180004460D46FFF722FA012814D064B9072342
:109328008DF800300195684603F042F910B14FF00E
:10933800FF3006E0002004E02946204606F064FEDF
:1093480020B90BB030BD4FF0FF30FAE74FF0FF30D7
:10935800F7E7000010B58AB0FFF730FD044610B1FA
:1093680020460AB010BD04F055FE10F1020F12D0CD
:1093780000BB154B1B685B69FBB127238DF80030D8
:10938800684602F087FF104B1B685B694FF4B961B0
:109398000198984701E06FF0070404F04BFE78B994
:1093A800002CDDD1084B1B68DB69002BD8D00120CD
:1093B8009847D5E74FF0FF34EFE74FF0FF34ECE77D
:1093C8004FF0FF34CCE700BF24090020014B187888
:1093D800704700BF98090020014B5878704700BFBC
:1093E800980900207047704708B5054B9B7A13B160
:1093F800034B01225A70034B5B6903B1984708BDC0
:1094080098090020E40000208C4B1B78002B00F00A
:109418000582C3780BB9837B1BB1884A138A013351
:109428001382437B002B00F0F981C378E02B40F0D6
:10943800F58170B596B0814B00229A7284682378C2
:109448007F2B00F29380DFE813F080009D00A200DC
:10945800AA00B200BF00C600DF00F0001D01310104
:10946800910091009100910091009100910091006C
:10947800910091009100910091009100910091005C
:109488009100910091009100910035013C0140014B
:10949800910091009100910091009100910091003C
:1094A800910091009100910091009100910091002C
:1094B800910091009100910091009100910091001C
:1094C800910091009100910091009100910091000C
:1094D80091009100910091009100910091009100FC
:1094E80091009100910091009100910091009100EC
:1094F80091009100910091009100910091009100DC
:1095080091009100910091009100910091009100CB
:1095180091009100910091009100910091009100BB
:1095280091009100910091009100910091009100AB
:10953800910091009100910091009100910091009B
:10954800910091004B016C017A013C4BDA680121D2
:10955800997200201070D8689A7A54189C72062460
:109568008454D8689A7A54189C728154334B9B7AE5
:10957800002B00F04C81324B5B7A002B00F03D81D0
:1095880016B070BD2D4B012283F83420EEE72D4B29
:109598009B6A002BEAD0012102209847E6E762780F
:1095A800264B83F83620012283F83520DEE7042392
:1095B8008DF804306378003B18BF01238DF808301C
:1095C80001A802F0F5FFD1E76078003818BF012044
:1095D80003F0B0FCCAE701AD1B4E0FCE0FC50FCE8E
:1095E8000FC596E8070085E8070063780A2BBDD801
:1095F800164A12685268002AB8D016A901EB8303EC
:1096080053F8540C9047B1E76278531EDBB2012B34
:10961800ACD8501E18BF0120084B18720B4B1B68A2
:109628009B68002BA2D09847A0E7044BDA68012179
:109638009972082313700B461BE000BF980900209D
:109648007C090020E40000208C3A010894090020DD
:10965800826801F1010C525C7149CD688C7A04F181
:10966800010E81F80AE001322A550133DBB25FFAB4
:109678008CF16B4A527A047BA24228BF22469A4256
:10968800E6D873E7664BDA680121997209211170EF
:10969800188AD9689A7A541C9C7288541A8AD8688D
:1096A800997A4C1C9C72130A43545FE75C4B002266
:1096B8001A825BE705238DF8043001A803F048FA05
:1096C80054E7584BDB6A984750E76078544B587515
:1096D800554B1B68DB68002B3FF448AF984745E7BC
:1096E800037B072B7FF442AF06238DF804306378A1
:1096F800A27843EA0223ADF80830E378227943EAF6
:109708000223627943EA0243642202FB03F30393D0
:10971800836893F906308DF8103001A803F018FA21
:1097280024E73B238DF8303000238DF834300CA823
:1097380002F03EFF3A4B012283F8342016E72A2331
:109748008DF8043001A802F0A5FD0299039A344B64
:10975800DC68987A451C9D727F252554324800683C
:10976800DD689C7A661C9E72C6782E55DD689C7AE8
:10977800661C9E7286782E55DD689C7A661C9E72E1
:1097880046782E55DD689C7A661C9E7200782855AE
:10979800DC68987A451C9D72C1F307652554DC681E
:1097A800987A451C9D72C1F307452554DC68987A60
:1097B800451C9D72C1F307252554DC68987A451C21
:1097C8009D722154D868997A4C1C9C72C2F3076424
:1097D8004454D868997A4C1C9C72C2F30744445488
:1097E800D868997A4C1C9C72C2F307244454D868F0
:1097F800997A4C1C9C724254B8E60C4C4FF47A711E
:10980800204609F0C7FC204609F07EFCB8E6074868
:1098180009F020FC024B00225A70B1E6704700BFE5
:1098280098090020E4000020940900207C09002009
:1098380030B583B0274B5B7893B9264B93F8353016
:10984800002B3DD1234B93F834303BB1214B002200
:1098580083F83420204B5B6B03B1984703B030BDCD
:1098680009F0B8FB04461B4B5D68FEF771FF054421
:10987800A542E7D2174B9B7A002BE3D0E0228DF864
:1098880000208DF80130134BDA6801920122197A11
:109898006846FEF775FF10B110F1070F06D10D4BA2
:1098A80000225A709A720B4B5C60CBE70B4D40F26A
:1098B800DC51284609F06EFC284609F025FCF2E741
:1098C800044B002283F8352093F83600FFF702F89E
:1098D800B8E700BF98090020E40000207C090020B8
:1098E80030B583B088B1034679B113480360134B90
:1098F800D9605A7201221A7000220092104B4FF060
:10990800FF31104809F048FB04E000230A4A1360BD
:109918000A4A1370094C002525822022294604F1A1
:10992800140006F072FD6570A57484F8345084F84C
:10993800355003B030BD00BF9409002098090020BD
:10994800F19300087C09002000487047E4000020DB
:10995800002070474FF0FF3070470000074B93F826
:109968001831022B04D0064B062283F89024704746
:10997800034B022283F89024704700BF0080002028
:10998800780A0020014B83F892047047780A002077
:1099980008B5154B93F8913413F0080F0ED0124800
:1099A80090F891346FF3C30380F89134D0F84433BE
:1099B800DB6800F28C4100F58D6098470A4B93F8FC
:1099C800913413F0020F0ED0074890F891346FF3DA
:1099D800410380F89134D0F844335B6800F28C413D
:1099E80000F58460984708BD780A002010B1012965
:1099F80001D000207047002AFCD0002070470000EA
:109A0800074BD3F8403313F0800F08D0044A23F0F3
:109A18008001C2F8401323F08203C2F84033704734
:109A2800780A0020064B1B6B4BB9054AB2F8203167
:109A38000449D1F81C14013B01FB03F3136370477D
:109A480000800020780A002008B5844608461146A0
:109A5800064BDB6B624649B29847054AD2F8403359
:109A680043F00203C2F84033002008BD106101082A
:109A7800780A00200246F8B101B3037B13F00F0304
:109A880005D090F8200010B100200870704792F8B7
:109A9800280010B901230B7070472BB992F82000E9
:109AA80010B902230B70704753B992F820204AB1BD
:109AB80003220A7018467047032070470320704736
:109AC8001820704718207047884201D2002070473C
:109AD8000120704708B50B4B93F868100A4B93F8B0
:109AE8001804FFF7F1FF50B9074B93F8913413F0BE
:109AF800020F04D0044B93F88F34012B00D908BD12
:109B08000120FCE700800020780A002008B5094BF6
:109B180093F86810084B93F81804FFF7D5FF40B97D
:109B2800054B93F8913413F0020F02D0024B93F8CF
:109B3800440408BD00800020780A0020B0F1FF3FEF
:109B480000D001307047000010B5124B93F89134E3
:109B580013F0020F04D00F4B93F88F34012B08D960
:109B68000D4B93F81A3123B10B4CA06AFFF7E6FFAF
:109B7800A062084B002283F8182483F81A2483F87B
:109B88001924D3F8402322F00202C3F8402301200D
:109B980010BD00BF780A00200080002008B5044BE3
:109BA800D3F8483313B15B6903B1984708BD00BFC8
:109BB800780A002008B5044A137843F004031370A8
:109BC800FFF7ECFF08BD00BFE409002008B5044B0F
:109BD800D3F8483313B11B6903B1984708BD00BFD8
:109BE800780A0020044B93F8910410F0050000D186
:109BF80070470120FCE700BF780A002000B585B057
:109C08000D4B93F87C208DF80A208DF809000D2261
:109C18008DF8082093F88C3013B10E238DF8083096
:109C280002A9054B93F8480004F013FA0190C0B25A
:109C380005B05DF804FB00BF0080002038B504467D
:109C480015460846FFF7DAFF2C44A04201D200204F
:109C580038BD0120FCE70000F0B58FB03B4B93F80E
:109C68001831022B02D03A4BDB6A9847EFF3108782
:109C780072B609F0AFF9374B1D68374CD4F8B013FA
:109C88002D1A04F560762944304609F083FA3046E7
:109C980009F03AFAD4F8B41304F566762944304644
:109CA80009F078FA304609F02FFA87F3108894F80B
:109CB8001A34002B34D1284B002283F84124254B39
:109CC8001B68224CE362244F97F81B248DF8102060
:109CD80005930CAE304609F07FF802ADD4F8283170
:109CE8000093D4F8243196E80600284609F011F8C4
:109CF80007AB95E8030083E80300D7F81C34069304
:109D080001238DF8113094F830310BB98DF81130EA
:109D180004A90E4B93F8480004F0ABF90FB0F0BD5E
:109D280015238DF828300AA9084B93F8480004F049
:109D380090F90990D4F8B41304F5806401442046DE
:109D480009F028FA204609F0DFF9B8E7008000207A
:109D580010610108E0090020780A002010B5074CBE
:109D6800204609F077F9A37E23B1A4F58063012288
:109D780083F81924FFF712FF10BD00BF780E0020EA
:109D880008B50E4BD3F8402342F08002C3F84023B5
:109D980093F81A3473B9094B93F8912442F00202EC
:109DA80083F89124D2B242F0100283F89124FFF78D
:109DB800D5FD08BD0020FFF7D1FFECE7780A0020A9
:109DC80008B50B2003F0D0FB88B10B4B93F8910436
:109DD80010F0010F0DD110F0040009D01A46D3F885
:109DE800403323F00203C2F84033012000E0002092
:109DF80008BD0020FCE700BF780A002038B5049CA5
:109E0800059DF2B19446F4B1FDB188B101281ED187
:109E1800C3F30743012B02D0032323700AE021B1C7
:109E2800032902D00123237004E00223237001E0F8
:109E3800042323702A46BCF80E10207803F0BEFDD8
:109E480038BD0920FCE70920FAE70920F8E70520D2
:109E5800F6E7012800D9704708B5012A05D111F0A5
:109E6800200F04D003F02CFA01E003F029FA08BD12
:109E78002DE9F04F8FB0984600238DF82F30ADF8BC
:109E88002C309DF86030012B00F2D88205460C4634
:109E980017464FF00009BC4280F0D082285D03F0DD
:109EA80067FA2044B84200F3C982661CF6B22B5DFB
:109EB800023B112B00F2C282DFE813F012002800E7
:109EC800AD00C00005011D0156017201BE01C002AE
:109ED800C002EE01C002C002500267028602A00260
:109EE800052003F041FB08B93446D4E705210020DA
:109EF80003F0EEFAA31CDBB2A95DA64A82F85C1453
:109F08000334E4B2EB5C82F85D34C4E700238DF8D7
:109F18000A308DF80B308DF80C308DF81430B9F10B
:109F2800000F36D00534E4B2B5E705238DF82430A8
:109F380050E0994B93F939309DF90A20934203DA9E
:109F4800954B012183F81D11934B83F839209DF817
:109F58000B2083F838209DF80C2083F868204DE00A
:109F680001220DF12F01032003F036F90134E4B288
:109F78009DF814308949A1FB0321B4EB910FEFD36D
:109F88003344DEB2741EE4B2A7423AD92B5D032BE8
:109F980036D1731E2B4408937F4B93F81A218DF802
:109FA800262093F87C108DF8251093F939108DF838
:109FB800271093F938108DF8281093F868108DF849
:109FC8002910D3F82C310793002AAED0BB1B0133DC
:109FD8008DF8243005AB019303AB00930DF10B030F
:109FE8000DF10A0207A96C4890F8480004F088F8B7
:109FF8008DF82F0000F0070007289AD00024B7E753
:10A008003446BC4204D2013CE4B24FF0010942E7B5
:10A018004FF001093FE70234E4B2AB5D03F00F03F0
:10A028005D4981F81B31012202FA03F3A1F82031BE
:10A0380000220BA9042003F0CFF82CE707238DF8A2
:10A048002F30AB5DC3F302128DF81D2003F00F0310
:10A058008DF81C30A31CDBB2E11CC9B2EB5C089381
:10A06800221DD2B2695C43EA012308930534E4B2A5
:10A07800AA5C43EA02430893642202FB03F30893B1
:10A0880007A9454B93F8480004F04BF88DF82F00CA
:10A0980000F00703072B07D08DF82C0001220BA92D
:10A0A800052003F099F8F6E69DF81C203A4B83F852
:10A0B800702083F87820089ADA665A679DF81D2080
:10A0C80083F86920E8E7334BD3F848337BB11B6842
:10A0D8007BB198478DF82C0008F03F038DF82D30A0
:10A0E80002220BA9062003F077F83446D3E6FF20B6
:10A0F800F0E7FF20EEE703238DF82F30A31CDBB237
:10A10800AA578DF8182007AA0592E21CD2B2EB5C78
:10A118000793211DC9B2AA5C43EA02230793621D73
:10A12800D2B2695C43EA01430793642101FB03F35C
:10A138000793002308930634E4B2AB568DF8243015
:10A1480005A9154B93F8480003F0F3FFC3B28DF847
:10A158002F300028FFF69FAE8DF82C3001220BA976
:10A16800072003F039F896E60234E4B2AB5D13F049
:10A178000F0300D101334FF47A7202FB03F3064A4E
:10A18800936503F57A73D36500220BA9082003F0C1
:10A1980023F880E6780A002000800020CDCCCCCCC3
:10A1A8000234E4B2AB5D00228DF80C208DF80D204E
:10A1B80013F0200F02D001228DF80D2013F0100F9C
:10A1C80002D001228DF80C2003F00F038DF80E3019
:10A1D80003A99C4B93F8480003F0B3FFB0F1FF3F8D
:10A1E8003FF459AE9DF80CA0964E86F87CA09DF8D9
:10A1F8000D3086F87D309DF80E30934AD05CF6F726
:10A20800E1FAC6F8800002238DF81C308DF81EA0F4
:10A2180007A996F8480003F01CFF059040B296F98C
:10A2280039309842B8BF184686F8390000220BA981
:10A23800092002F0D1FF2EE603238DF82F30A31C4E
:10A24800DBB2AA5D8DF81C20E11CC9B2EB5C089357
:10A25800221DD2B2695C43EA012308930534E4B2B3
:10A26800AA5C43EA02430893642202FB03F30893BF
:10A2780007A9744B93F8480003F06BFFC3B28DF83D
:10A288002F300028FFF607AE8DF82C3001220BA9DD
:10A298000A2002F0A1FFFEE5092003F065F928B9BC
:10A2A8006A4B002283F838243446F4E5092100205B
:10A2B80003F00EF903A90023039304930DF1140A84
:10A2C800059306930DF11C0B07930893A01CC0B2CD
:10A2D800AB5D0393E21CD2B2285C43EA00230393EC
:10A2E800201DC0B2AA5C43EA02430393621DD2B2A6
:10A2F800285C43EA006303930634E4B2AA5CADF831
:10A3080010204FF47A7000FB02F2120AADF8102008
:10A3180003C98AE803004E4A1A440592584608F0D1
:10A3280039FD4A4ED6F83C330093D6F838339AE8CC
:10A3380006000CA808F0EDFC0D9B00930C9B9BE815
:10A348000600504608F0C6FC9AE8030008F000FD35
:10A3580002F0A8FE012386F838349CE50C2003F0AF
:10A3680003F908B9344696E50C21002003F0B0F84B
:10A37800364B93F89034043BDBB2012B01D83446BA
:10A3880089E502F08BFE344685E5A21CD2B2AB5DAE
:10A39800E11CC9B2AA5C43EA0223221DD2B2695C5D
:10A3A80043EA01430534E4B2A85C642103FB01F1EC
:10A3B80000F00F0002F073FE8DF82C0001220BA9AB
:10A3C800112002F009FF66E50D2003F0CDF808B969
:10A3D800344660E50D21002003F07AF8A21CD2B2C1
:10A3E800A85DE31CDBB2AE5C0434E4B2194A12681F
:10A3F800E95C40EA062002F054FE4CE5A11CC9B213
:10A40800AB5DE21CD2B2695C43EA01230434E4B2D6
:10A41800AA5C43EA0243642003FB00F002F043FE17
:10A4280040B101238DF82C3001220BA9132002F032
:10A43800D3FE30E500238DF82C30F5E70FB0BDE8EA
:10A44800F08F00BF00800020345A0108780A0020ED
:10A45800803DD512D00900202DE9F043A5B0A54BC9
:10A468005E681D89B3F90A8093F90C70002307937D
:10A47800A14AD2F8E490A14A117863F3000111705F
:10A488009F4C84F84434A4F88C8484F88E7494F82F
:10A49800902484F88F2484F8233484F8223484F8B0
:10A4A8002534C4F8283484F82C3484F82D3484F8FE
:10A4B8002E34C4F8303484F82034C4F8343484F8A2
:10A4C8003834C4F83C348F4BDB6A984794F88F349F
:10A4D800D3B12946304602F0CEFDD0B9864B93F869
:10A4E8001831012B1DD0002D38D034786309013B79
:10A4F800062B00F2FB82DFE813F03800F902D100E6
:10A50800F902CD00F902CD0204F5667008F0A2FD4B
:10A51800DFE77B4BA3F87E8483F8807425B0BDE821
:10A52800F08302F0ACFD50B1002002F09DFD002048
:10A5380002F09FFD724B042283F88F24D3E702F0C8
:10A54800A0FD0028CFD0002002F08FFD002002F0EF
:10A5580091FD6B4B052283F88F24C4E7684B0122D9
:10A5680083F82124FFF70CFCD8E7102D2ED9089684
:10A57800EDB28DF82450604B93F830316BBB04A8D2
:10A5880005F00EFE08AA04A9FF2003F069FB0446A3
:10A598009DF83030C3F303038DF80C30564B93F815
:10A5A8007D208DF80D20072203A993F8480003F0B9
:10A5B8006EFD04B9C0B9012002F0D6FF002800F0F2
:10A5C80081820121072002F083FF7BE24C4B0122AC
:10A5D80083F82124FFF7D4FBA0E7494B012283F835
:10A5E8002124FFF7CDFB99E79DF82930424CC4F8A8
:10A5F800E0309DF82A2043EA0223C4F8E0309DF8B1
:10A608002B2043EA0243C4F8E0300B99C4F8E41065
:10A61800022005F0D3FD9DF83030C3F3021284F810
:10A628006920C3F3030384F8703084F878309DF808
:10A638003130A3650BB90122A2652F4CA36D4FF4ED
:10A648007A7202FB03F3A3651344E365012684F8D9
:10A658006860002384F82E310DF132032293113DF6
:10A668008DF88C50264B93F81B348DF8843021A933
:10A6780094F8480003F015FD022384F83031304681
:10A6880002F072FF002800F01D823146002002F01F
:10A698001FFF17E21A4B012283F82024164B93F868
:10A6A8007D208DF87E20164A92F924248DF87D208D
:10A6B8000D228DF87C2093F88C3013B10E238DF881
:10A6C8007C301FA90C4B93F8480003F0C2FC1E9085
:10A6D800A5F10D031BB223EAE37300B2834201DC48
:10A6E8000B2D11D8064B012283F82124FFF748FBD4
:10A6F80014E700BFD009002000800020E4090020F2
:10A70800780A00201061010812968DF84C50A54B6C
:10A718001B93FF238DF8703012A803F06FFB0028FD
:10A7280042D1A14B93F81831012B44D0149A9F4B76
:10A73800C3F8342404A912A8FFF79CF90546002899
:10A7480064D1002307930346002B66D00126012D10
:10A758000AD19DF81030032B40F08E809DF85430BC
:10A7680013F0600F40F0888007AB01930DF11B03D5
:10A7780000938D4BD3F82C3112AA9DF81010304657
:10A78800FFF73CFB002800F0838007287BD0874B2D
:10A79800012283F82124079A844BC3F83024C3F894
:10A7A8006C24FFF7EDFAB9E6804B012283F82124E7
:10A7B800FFF7E6FAB2E602F062FC88B1002002F088
:10A7C80053FC002002F055FC784B042283F88F24B8
:10A7D8009DF85410C1F30011149802F069FCA5E724
:10A7E80002F04FFC0028A1D0002002F03EFC00201F
:10A7F80002F040FC6D4B052283F88F249DF854101D
:10A80800C1F30011149802F053FC8FE7674B012243
:10A8180083F82124FFF7B4FA80E6184603EB4301D6
:10A82800614A02EB0112D2F8EC2014998A4202D054
:10A838000133DBB288E703EB43065B4901EB061102
:10A8480091F8E9100029F3D0574B302101FB003073
:10A8580090F8EA60D0F80C110968079193F818315C
:10A86800022B02D09146012571E7504B032183F852
:10A878008F14914601256AE74C4B012283F8212465
:10A88800FFF77EFA4AE6494B082283F8212482E73B
:10A8980012AB0093079B9DF81B204946304603F0F6
:10A8A80037F900284AD1414B002183F8211483F855
:10A8B8002254C3F8281483F82C14079AC3F83024B8
:10A8C800C3F86C249DF85420C2F3401283F82E2458
:10A8D80083F8411483F8442493F88F0401283BD962
:10A8E800012D3FD004F0E004A02C40D000232E4AD4
:10A8F80082F83A302D4A82F820342B4B93F83A30BC
:10A9080023B99DF8543013F0100F07D0264B93F855
:10A9180018311BB9254B012283F82524234B93F8C2
:10A9280040249DF85410FFF794FA9DF81030032B3B
:10A9380000F29980DFE803F03E657787022806D0A9
:10A948001A4B0B2283F82124FFF71AFAE6E5174B76
:10A958000A2283F82124F7E7134B9962012283F82E
:10A968001E21BDE7114B022283F82024C5E70E4BB8
:10A97800012283F83A2093F82E3113B91D9A0A4B15
:10A988005A630A4B012283F820249042B5D9064B1A
:10A99800D3F89020054BC3F83C24054A1268C3F845
:10A9A8009824AAE7B00C002000800020780A002034
:10A9B800D00900209DF85420574C94F88F34009308
:10A9C8003B4602F00F02002116A8FFF751FA9DF846
:10A9D800683084F823341B9BC4F828349DF8703001
:10A9E80084F82C34012384F82D349DF86830E02B4A
:10A9F80040D0494A92F8913443F0020382F89134E6
:10AA080060E09DF85420444C94F88F3400933B4602
:10AA180002F00F02002116A8FFF72AFA9DF8683005
:10AA280084F82334E1E73C4C94F88F3400933B4698
:10AA38009DF8702000211B98FFF71AFA9DF86830DE
:10AA480084F82334D1E79DF86820334B83F8232416
:10AA58001B9AC3F828249DF8702083F82C2401221F
:10AA680083F82D24C1E72C4B012283F82124FFF71A
:10AA780087F9BAE7294A92F81F21002AB9D1264A4C
:10AA880082F823340023C2F8283482F82C3482F860
:10AA98002D34AEE76A1E224C92B2711C204605F096
:10AAA8009CFC032284F8E821002284F8E921C4F8F8
:10AAB800F041013D84F8F45194F8592242F0020221
:10AAC80084F85922144B93F88F34012B15D9124B63
:10AAD80093F88F34022B06D00F4A92F8913443F042
:10AAE800100382F89134FEF739FF17E50A4B01226B
:10AAF80083F82124FFF744F9E4E7074B93F81A3465
:10AB0800002BE4D0044B93F84434002BDFD0002012
:10AB1800FFF724F9DBE700BF780A00200080002057
:10AB2800B00C002010B50F4B93F81831022B02D04F
:10AB38000D4BDB6A9847FEF711FF0C4C022084F896
:10AB4800410402F0F3FC94F81A3413B1012284F89A
:10AB58001924064A92F8913443F0100382F891348C
:10AB680010BD00BF0080002010610108780A002095
:10AB780008B502F082FA78B9094B93F81831012B1D
:10AB880001D0002008BD02F07AFA38B902F079FA4B
:10AB98000028F7D00F20F5E70E20F3E70F20F1E7A4
:10ABA80000800020F8B505460C46344B93F8183160
:10ABB800022B02D0324BDB6A984702F05EFA064657
:10ABC80048BB2E4B93F81831012B2BD0002E51D1B6
:10ABD8002C4B93F89034002B3BD12A4B93F81A3422
:10ABE80013B1284B83F84154284602F09FFC234BAD
:10ABF800D86A08F0F9F9234BD3F8B433984239D31B
:10AC0800214C204608F026FA94F8F93043F0100356
:10AC180084F8F9302EE0022002F025FA002002F034
:10AC280027FACEE702F02BFA074650B902F029FAC4
:10AC38000028CBD0002002F018FA002002F01AFAFF
:10AC480018E0002002F010FA002002F012FA3E4646
:10AC5800ECE70C4B93F81A3413B10A4B83F84144D0
:10AC6800204602F063FC074A92F8913443F010033F
:10AC780082F89134FEF772FEF8BD00BF0080002014
:10AC880010610108780A0020100E002008B506217E
:10AC98000520FFF787FF08BD08B504210320FFF74B
:10ACA80081FF08BDEFF3108172B6144A13680020C3
:10ACB800106081F3108803B310B5DCB213F0200FD5
:10ACC8000CD114F0100F0CD114F0080F0CD114F0A3
:10ACD800040F0CD114F0020F0CD110BDFEF7BCFF0D
:10ACE800EFE7FFF7B9FBEFE7FFF71CFFEFE7FFF729
:10ACF800CDFFEFE7FFF7D0FFEFE77047E40900204B
:10AD080009B90020704710B50446084608F06CF9E8
:10AD1800A04201D8002010BD024B002283F83A203F
:10AD28000120F8E70080002008B5144B93F891340F
:10AD380013F0040F00D108BD012002F015FC78B112
:10AD4800012002F0DBFB18B90C4B002283F8182411
:10AD58000A4AD2F8403323F00203C2F84033EAE744
:10AD6800062002F001FC0028E5D0044AD2F840335E
:10AD780023F00203C2F84033DDE700BF780A002061
:10AD880008B50F4B93F804311BB1042B0AD00320EC
:10AD980008BD0C4803F091F868B9094B93F80C21E9
:10ADA8001A80F5E7074803F0BEF830B9044B93F86A
:10ADB8000C211A80ECE71120EAE71120E8E700BF30
:10ADC800780A0020800B002070B582B01E4C94F8E1
:10ADD800486094F9693094F9392094F87D10304628
:10ADE80003F0D5F9194D0095E36C94F8502041B261
:10ADF800304603F065F905F118030093E36C94F805
:10AE0800502094F9701094F8480003F059F9A26D95
:10AE1800A5F56E73E868024445F8082CE26D696A86
:10AE28000A4445F8042C93F80431042B09D0236E06
:10AE38001844A5F56E73C3F8B003626E1144C3F8E5
:10AE4800B41302B070BD00BF00800020300E002097
:10AE580010B582B0002301930D4B93F8304114B91B
:10AE6800204602B010BD01A802F044FA044668B9B1
:10AE78009DF80420064B93F93910064B93F83702D6
:10AE8800FEF7DCFE0028EBD10824E9E71324E7E706
:10AE980000800020780A002030B583B00023019399
:10AEA800184B93F8043133B105460C46042B0BD0EC
:10AEB800032003B030BD144802F0C0FDD8B9114BCF
:10AEC80093F80C211A80F4E701A802F06BFDA0B9F1
:10AED8000C4B93F8183413B1019B013B01930A4BB7
:10AEE80022462946019802F0CFFD40B9054B93F858
:10AEF8000C211A80DDE71120DBE71220D9E71120A9
:10AF0800D7E700BF780A0020800B002070B586B014
:10AF1800064600238DF807308DF80800364D95F960
:10AF280039308DF8093095F938308DF80A30D5F870
:10AF380080300393D5F884300493304C2388ADF8DF
:10AF4800143095F830318DF8163004F21C430DF1A9
:10AF5800070202A995F8480003F0C7F8012384F80E
:10AF6800413495F8393084F842349DF8073084F834
:10AF78004334C4F85064D4F81C34C4F84834C4F8D2
:10AF8800583402F080F860BB1B4B93F81831012B42
:10AF98002FD002F07BF8184B93F93900174B93F830
:10AFA8001B14C0B2FFF778FF0446B8B91348D0F8AD
:10AFB800403343F00203C0F8403390F818340133AB
:10AFC800DBB280F8183480F845340023C0F8983490
:10AFD8000B4B9B6A30F8021BC9B29847204606B053
:10AFE80070BDD4F81C0402F060F80028CCD01024FE
:10AFF800F4E702F05CF8CCE700800020780A002033
:10B00800106101082DE9F0418CB00546FFF7B0FD4D
:10B01800044618B120460CB0BDE8F081FEF702FDE9
:10B02800FFF7AEFE04460028F4D1354E336B049387
:10B0380096F939308DF8183096F81C318DF81A3099
:10B048000DF12808404607F0C7FE02AFD6F82831B0
:10B058000093D6F8243198E80600384607F059FEE0
:10B0680007AB97E8030083E80300F36A059300231E
:10B078008DF8243001238DF81930224B1B88ADF848
:10B08800263096F830312BB901238DF8243000236F
:10B098008DF819301C4B1A4800F130020092A3F1C8
:10B0A800790204A990F8480003F065F8C0B10B28AC
:10B0B80024D1144AD2F8941491B10DB90446A9E7E1
:10B0C8001546D2F8402342F02002C5F8402305F582
:10B0D8005A75284608F05EF8284608F015F899E7EA
:10B0E800FFF772FEFFF7B4FE0446002892D1054B25
:10B0F80093F81B04FFF70AFF04468BE7044689E729
:10B1080000800020780A00200C0F002010B5164C93
:10B11800204607F09FFF54F8283C23F0200344F80A
:10B12800283CD4F83011114BD3F89000FFF7E8FD14
:10B1380000B110BD0120FFF765FF0028F9D00B28EA
:10B14800F7D00A4B93F83920A4F55A7383F84224B0
:10B1580093F8182483F84524092083F8410402F061
:10B16800E5F9FEF7F1FCE4E7E00D0020008000209F
:10B178001C4B93F8913413F0010F31D010B5194BD3
:10B1880093F840342BB1032B03D0012B06D00020B9
:10B1980002E0FEF79FFC40B9B0B110BD114B93F827
:10B1A80019347BB1FEF7B2FCF5E70F4C204607F0E7
:10B1B80051FF54F8283C23F0200344F8283CFEF7BC
:10B1C800C3FCEAE70120E7E7064B93F891246FF305
:10B1D800041283F8912483F81904FFF797FFDCE73A
:10B1E800704700BF780A0020E00D002038B5224BD8
:10B1F800D3F840337BBB204B93F8914414F00105FE
:10B2080005D093F891246FF3000283F891241A4B28
:10B2180093F8913413F0040F06D0174B93F8912448
:10B228006FF3820283F891240120FEF7ABFB35B15E
:10B238001148D0F844331B6800F58860984714F02B
:10B24800040F09D101F023FF0B4B93F891246FF3FE
:10B25800041283F8912438BD084802F091F902F0ED
:10B26800C7F90028EED0044A92F8913443F0040359
:10B2780082F89134E6E700BF780A0020CC0E00205F
:10B2880030B583B0154C164D0095E36C94F85020FA
:10B2980094F9781094F8480002F012FF0223EB7436
:10B2A80094F830312B750123AB7405F13C02294623
:10B2B80094F8480002F00FFF68B1A5F57A7494F885
:10B2C800243484F86A34074B5B6B0020984794F861
:10B2D800FB3384F8903403B030BD00BF00800020F9
:10B2E800600E00201061010838B50C4607F0B2FE68
:10B2F8000C4B1B6B98470C4A21460C4B93F84800A3
:10B3080002F0E9FE60B10A4D95F8243485F86A34F4
:10B31800044B5B6B054A506D9847E37C85F8903485
:10B3280038BD00BF106101089C0E0020008000207D
:10B33800780A002008B5134B93F8903403B908BD78
:10B34800104890F81B3480F8D0330F4BDA6EC0F8F1
:10B35800D42393F87D2080F8E02393F88C2080F89C
:10B36800E123002280F8E223012280F8E32393F806
:10B37800303180F8E43300F5747100F56670FFF73A
:10B38800B3FFDCE7780A00200080002008B51148E8
:10B3980090F81B3480F8B8330F4B93F9692080F884
:10B3A800BB2393F87D2080F8C82393F88C2080F87D
:10B3B800C923002280F8CA2380F8CB2393F83031C0
:10B3C80080F8CC3300F56E7100F56070FFF78CFFE4
:10B3D80008BD00BF780A00200080002038B5314B36
:10B3E800D3F8403303B138BD0446242105F016F8DC
:10B3F800636A834253D0606201251C2104F128004E
:10B4080005F00CF8636C834202D0606445F00205D5
:10B418004FF4807104F1480005F000F8D4F8483181
:10B42800834203D0C4F8480145F00405D42104F54B
:10B43800A67004F0F3FFD4F82032834203D0C4F896
:10B44800200245F00805002104F5097004F0E6FF24
:10B45800D4F82432834203D0C4F8240245F01005FE
:10B468004FF4607104F50A7004F0D8FFD4F8A835D9
:10B47800834203D0C4F8A80545F02005142104F23E
:10B48800AC5004F0CBFFD4F8C035834203D0C4F8E5
:10B49800C00545F040052846FEF798FBA3E70025C0
:10B4A800ABE700BF780A002038B53E4BD3F84033ED
:10B4B800012B01D0012038BD3B4C2421204604F04B
:10B4C800ADFF636A834201D01720F4E728341C21BA
:10B4D800204604F0A3FFE369834201D01720EAE77E
:10B4E80020344FF48071204604F098FFD4F80031DE
:10B4F800834201D01720DEE704F58274D421204668
:10B5080004F08CFFD4F8D430834201D01720D2E75E
:10B51800D8340021204604F081FF2368834201D0FB
:10B528001720C8E704344FF46071204604F076FF12
:10B53800D4F88033834201D01720BCE704F5617446
:10B548001421204604F06AFF6369834201D0172062
:10B55800B1E7A4F2AC55154C40F2C4522946204636
:10B5680004F03BFF40F2C4520021284604F04DFF8E
:10B578000C4B93F81B2483F8E823626FC3F8EC2381
:10B5880094F87D2083F8F823012283F8FA23022215
:10B5980083F8FB23064B9B6D94F81901984700200C
:10B5A80089E700BF780A0020C485002000800020B9
:10B5B8001061010808B5074A137843F002031370B5
:10B5C800FEF7ECFA044B01220021022007F0BEF836
:10B5D80008BD00BFE4090020F459010808B5074A6E
:10B5E800137843F008031370FEF7D8FA044B0122CE
:10B5F8000021022007F0AAF808BD00BFE4090020D6
:10B60800045A01082DE9F04180460F4616461D46AA
:10B6180007F0E0FC0E4C2060C4F8048027816681A6
:10B6280025730C4B1A7842F010021A70D2B242F00D
:10B6380001021A70FEF7B2FA074B0122002102201C
:10B6480007F084F8054B01221A70BDE8F08100BFAD
:10B65800D0090020E4090020145A01080000002045
:10B6680010B582B007F0B6FC0C4B18606C4620464B
:10B6780007F090FB0A4B94E8030083E80300094AAB
:10B68800137843F020031370FEF788FA064B012263
:10B698000021022007F05AF802B010BDE00900208E
:10B6A800B00D0020E4090020245A0108F0B591B03B
:10B6B80018B95E4B002283F830215C4C0025A56246
:10B6C8005B4E86F8185486F81954C6F8985484F8CE
:10B6D8001B510127A4F8207194F9DC3084F8383024
:10B6E80094F9DD3084F8393094F8B13084F8693051
:10B6F80004F16C0304F1B40292E8030083E8030048
:10B7080004F1740304F1BC0292E8030083E8030027
:10B7180094F8C43084F87C3094F8C53084F87D30CF
:10B72800D4F8C830C4F88030D4F8CC30C4F88430A9
:10B73800B4F8D030A4F88830B4F8D230A4F88A30FD
:10B7480086F81A5484F83A5084F81D5184F81E512A
:10B75800C4F8345184F8385184F83951C4F83C514C
:10B76800C4F8405184F8455184F8465184F847514B
:10B778008DF8107004F50973019304F50A730293A8
:10B788002C4B039301A994F8480002F079FC86F841
:10B798001B5486F8D053E36EC6F8D43394F87D3042
:10B7A80086F8E03394F88C3086F8E13386F8E25373
:10B7B80086F8E37394F8303186F8E43306F57A7442
:10B7C80006F5747CBCE80F000FC49CE8030084E80D
:10B7D800030086F8FA73022386F8FB330E950F955B
:10B7E800D6F848331BB15A680E925B690F93124B17
:10B7F8000593A3F148020692A3F114020792293394
:10B8080008930E4A0992A2F19C030A93A2F19803A5
:10B818000B93131D0C9302F14C030D9302F59962DF
:10B828000EA905A801F01EFC11B0F0BD0080002093
:10B83800780A0020E8090020E00E0020E4800020BB
:10B8480070B50446454B93F81851012D6ED0022D62
:10B8580074D00DB1032070BD58BB03F174026C3372
:10B8680093E8030082E803002046012C23D0022C31
:10B87800F1D13A4B83F81841394E06F57A7406F53A
:10B88800747CBCE80F000FC49CE8030084E8030044
:10B89800022386F8FB330023002B15DD304B0022F2
:10B8A80083F81A242F4BDB6A9847FFF7E9FC2846F0
:10B8B800D1E70320D9E7204601F0EAFB0028D6D1DA
:10B8C800264B83F81841D2E703EB4301234A02EBE6
:10B8D800011292F8E92032B1204A02EB011292F8E3
:10B8E8000021022A02D001335BB2D5E71B4A02EBE2
:10B8F8000113D3F80411516793F8083182F87830AE
:10B90800174B93F81B0483F8E803C3F8EC1392F879
:10B918007D1083F8F81392F88C2083F8F92303221A
:10B9280083F8FB23012283F8FA23B7E701F0B0FB81
:10B93800002890D1094B83F818418CE758B9084B77
:10B94800062283F89024054B83F81801054BDB6A1F
:10B95800984720467FE703207DE700BF008000204E
:10B96800780A00201061010838B5FF2803D00120AB
:10B97800FFF748FB38BD0020FFF762FF0A4D00249F
:10B9880085F80441AB1CC5F80831FF2385F80C3154
:10B9980085F80D4105F5877004F002FC05F58B70FC
:10B9A80004F0E0FB2046E3E7780A00202DE9F043A5
:10B9B80083B005460E461746BDF828805A4900222E
:10B9C8000A8081F81A24019200929946CBB1574C0B
:10B9D80042464946204604F000FD5FFA88F084F8A4
:10B9E800FF00A4F59C742B78A3702B785B09042BBB
:10B9F80009D0072B79D0022B09D0022003B0BDE86B
:10BA0800F0839046E3E7484B012283F81A24464B1B
:10BA1800042283F804219A1CC3F80821FF2283F822
:10BA28000C212A7883F80D2183F82871404AD2F82E
:10BA3800E420C3F81021327883F8142183F8300108
:10BA480003F59C72C3F82C2101A801F0ABFF002874
:10BA58005ED1019A344BA3F81621002183F84514CE
:10BA680083F84414C3F84C24684601F043FC0028CA
:10BA780050D1009B002BC1D02D4B93F93900FEF714
:10BA8800BDF8294B93F8373213B1009A0F2A15D90C
:10BA980013B1009B0F2B21D8264A694601F036FCCA
:10BAA80000283DD1204B002283F8282103F29C4234
:10BAB800C3F82C21009A83F830219FE71E4A694673
:10BAC8000F2001F023FC38BB3378009A62F303039C
:10BAD8003370DAB2144B83F814218FE7154A69469C
:10BAE80001F014FCD0B1132088E7B9F1000F19D088
:10BAF800002883D0114C5FFA88F24946204604F0AA
:10BB08006CFC94F83432013324F8033C002075E7C8
:10BB1800122073E7132071E713206FE70A206DE7FF
:10BB280013206BE7002069E7780A0020B00B00209B
:10BB380000800020140F0020900B00207B0A0020BA
:10BB48002DE9F0478AB017469846444C94F939A035
:10BB580094F93890A26A089294F83031002B7AD080
:10BB680005460E4694F81B310BB9002121630023CA
:10BB78008DF82430394890F81A1161F3C7138DF8FD
:10BB8800243090F81831012B52D0344B93F83A30C6
:10BB98002BB19DF8243043F020038DF82430012385
:10BBA8008DF80C308DF80D1004922C49B1F88830BE
:10BBB800ADF81430B1F88A30ADF816308DF818A009
:10BBC8008DF8199091F87C308DF81B3091F8483039
:10BBD8008DF81C300B4613F8682F8DF81A2008AA28
:10BBE800009201F13802393103A801F0C1F99DF83A
:10BBF800243060F386138DF82430CDF800803B465E
:10BC0800324609A92846FFF7D1FE044608B10A289A
:10BC180004D19DF84800FFF7F5F904467CB10F4BB5
:10BC280083F839A083F8389020460AB0BDE8F08739
:10BC38009DF8243043F010038DF82430A5E7074B16
:10BC4800002283F83A20089A9A6201F021FB002822
:10BC5800EAD01324E8E70724E6E700BF00800020C5
:10BC68000C4BD3F84033012B0CD00B4A127812F04E
:10BC7800010F09D153B9074B93F89234012B07D020
:10BC8800012070470020704701207047012070474D
:10BC980000207047780A0020E4090020044BD3F8FC
:10BCA8004033012B01D0002070470120704700BFAE
:10BCB800780A002008B5FEF7F5FF01F0FAF91F4BE6
:10BCC80093F8913413F0100F0DD1FDF761FE1B4B63
:10BCD80093F89034022B22D0184B93F8913413F038
:10BCE800200F1FD108BD0020FDF74CFEFDF788FE90
:10BCF800FDF778FF10B1FEF763F818B9FFF714F8ED
:10BD0800FFF736FAFFF772FA0120FDF73BFE0B4A00
:10BD180092F8913443F0200382F89134D5E7FFF785
:10BD2800AFFAD9E7054B93F891246FF3451283F8DE
:10BD380091240348FFF752FBD4E700BF780A00209C
:10BD4800008000202DE9F04F8DB0002800F0A3817D
:10BD5800884691460746002900F09F810368002B1A
:10BD680000F09D814368002B00F09B818368002BC5
:10BD780000F09981C368002B00F09781104602F00B
:10BD880063F9002800F09381384601F053FBCB4C4F
:10BD980040F2C4520021204604F037FBC84E40F25E
:10BDA8001C520021304604F030FB84F848900025EE
:10BDB80084F8185184F88C50C24BC4F82C318DF893
:10BDC800205004F50973059304F50A730693BE4BD6
:10BDD800079305A9484602F053F90F238DF8283038
:10BDE8000AA994F8480002F034F90990401B18BFDA
:10BDF800012084F81C014FF00A0A8DF828A00AA92E
:10BE080094F8480002F025F9099084F8DC004FF016
:10BE180006098DF828900AA994F8480002F019F943
:10BE2800099084F8DD0010238DF828300AA994F8C9
:10BE3800480002F00EF90990C4F89C0011238DF80F
:10BE480028300AA994F8480002F003F90990C4F8C8
:10BE5800A00012238DF828300AA994F8480002F0AF
:10BE6800F8F80990C4F8A40013238DF828300AA91B
:10BE780094F8480002F0EDF80990C4F8A8001423DB
:10BE88008DF828300AA994F8480002F0E2F80990E1
:10BE9800C4F8AC0016238DF828300AA994F8480095
:10BEA80002F0D7F8099084F8B10017238DF82830EC
:10BEB8000AA994F8480002F0CCF80990C4F8B40034
:10BEC800C4F8BC0018238DF828300AA994F8480053
:10BED80002F0BFF80990C0B284F8B80084F8C00036
:10BEE8001D238DF828300AA994F8480002F0B1F80B
:10BEF800099084F8C4001E238DF828300AA994F804
:10BF0800480002F0A6F8099084F8C5001F238DF8B0
:10BF180028300AA994F8480002F09BF80990099B78
:10BF2800C4F8C83020238DF828300AA994F84800AE
:10BF380002F08FF80990099BC4F8CC300B238DF8D8
:10BF480028300AA994F8480002F083F80990A4F868
:10BF5800D0000C238DF828300AA994F8480002F084
:10BF680078F80990A4F8D2004FF0010B84F8B0B02B
:10BF7800C4F894A084F89890C4F84CA084F8509021
:10BF8800D4F89C306365D4F8A030A365D4F8A43005
:10BF9800E365D4F8A8302366D4F8AC30636684F837
:10BFA80068B084F81FB1C6F848832846FFF77EFBBF
:10BFB80084F819B1C6F8447386F89154C6F840B3AA
:10BFC800E56225630095414B2A464FF0FF3106F59F
:10BFD8005A7006F0E1FF00953D4B2A464FF0FF31BD
:10BFE80006F5607006F0D8FF00953A4B2A464FF0E8
:10BFF800FF3106F5667006F0CFFF0095364B2A46EE
:10C008004FF0FF3106F5806006F0C6FF02AF3846F4
:10C0180006F0E2FE04F5927397E8030083E8030054
:10C028002E4B1D602E4BC6F84C332E4BC6F854339E
:10C038002D4BC6F85C332D4BC6F850332C4BC6F845
:10C0480058332C4B1B6806F55370984704F5A670B7
:10C0580003F0F2FE80BB204601F084FC00284BD19F
:10C0680001F0AAF8002849D104F1E80001F0CCFC5D
:10C078000446002844D11F4D6B69984704F09AF98B
:10C08800AB6D0E4A92F819019847EB6A98475846E3
:10C09800FDF778FC0CE003240AE0032408E00324FD
:10C0A80006E0032404E0032402E0032400E009245A
:10C0B80020460DB0BDE8F08F1124F9E7008000207C
:10C0C800780A002000040001E809002015B10008E2
:10C0D80095B300083DB30008659D0008E4090020F9
:10C0E80069B600080DB60008BD9B0008E5B5000854
:10C0F800BDB50008106101081124D9E71324D7E75A
:10C108001124D5E710B50024034BC3F84043FDF7CD
:10C1180025FC204610BD00BF780A002008B5FFF7AF
:10C128009FFD30B10B4BD3F84033012B10D00120C9
:10C1380008BD094B93F81831022B05D0054B012295
:10C14800C3F840230020F3E7044BDB6A9847F5E780
:10C158000020EDE7780A0020008000201061010827
:10C1680070B5134C204606F075FF04F1180006F070
:10C1780071FF04F1300006F06DFF04F1980006F03D
:10C1880069FF00F083FF0B4BDB6A9847002544F8F2
:10C19800285C094E3046FFF721F940F2C452314677
:10C1A800064804F01AF9012344F8283C284670BDD3
:10C1B800E00D00201061010800800020C4850020E7
:10C1C80030B58BB00446314B986A049093F9DD2062
:10C1D8008DF80F2093F9DC308DF80E302C4B93F846
:10C1E80018248DF80D2000230293002948D00D460D
:10C1F8008DF81430254B93F81A118DF81510069008
:10C20800B3F88810ADF81C10B3F88A10ADF81E10FA
:10C2180093F939108DF8201093F938108DF8211002
:10C228008DF8222093F87C208DF8232093F848304D
:10C238008DF8243004AB00930DF10D030DF10E02BF
:10C248000DF10F0105A800F093FE9DF90F00FDF711
:10C25800D5FC687002A801F04DF898B9029B0F2B25
:10C268000AD86A78934207D8D31A2B70029B1C44C9
:10C27800A24209D30BB030BD00232B700820F9E788
:10C288000320F7E71320F5E70820F3E700800020F4
:10C29800780A0020002800F07C8110B584B004469C
:10C2A8000078412800F27181DFE810F04200480070
:10C2B8004E00530058005E0064006F016F016F016B
:10C2C8006F016F016F016F016F016C0072007800E0
:10C2D80085008D0095009D00B200A500BF00C50037
:10C2E800CA00CF00D400D900DE00EF00F50001013C
:10C2F800FB0007010C011201200118011C016F014C
:10C3080026016F016F016F016F016F016F016F01EE
:10C318006F016F016F016F016F016F016F016F0195
:10C328002F0135013B01410147014D0153016101D5
:10C33800994B93F81831237104B010BD964B93F8BC
:10C34800303123710020F7E7606803F00BFF00200D
:10C35800F2E7606803F024FF0020EDE78E4B93F8C6
:10C368001A3123710020E7E78B4BD3F8E030636084
:10C378000020E1E7211D884B93F8300103F02CFFE2
:10C388000020D9E7844B93F8193123710020D3E7B3
:10C39800814B93F88C3023710020CDE71C238DF856
:10C3A800083002A97C4B93F8480001F052FE019036
:10C3B80060600020C0E70434784B93E8030084E809
:10C3C80003000020B8E70434754B93E8030084E8C1
:10C3D80003000020B0E70434724B93E8030084E8BC
:10C3E80003000020A8E704346F4B93E8030084E8B7
:10C3F80003000020A0E71A238DF8083002A9664B35
:10C4080093F8480001F025FE01906060002093E752
:10C4180019238DF8083002A95F4B93F8480001F002
:10C4280018FE01906060002086E75B4B93F8683047
:10C438002371002080E7584B5B6D636000207BE729
:10C44800554B9B6D6360002076E7534BDB6D636053
:10C45800002071E7504B1B6E636000206CE74E4B69
:10C468005B6E6360002067E702238DF808304A4B53
:10C4780093F87C208DF80A2002A993F8480001F06F
:10C48800E8FD01902071002056E7434B93F9DD3019
:10C498002371002050E7404B93F939302371002075
:10C4A8004AE73D4B93F9DC302371002044E73A4BCF
:10C4B80093F93830237100203EE7374BDB6C63601B
:10C4C800002039E7344B93F850302371002033E7CC
:10C4D800314BD3F88430636000202DE72E4B636026
:10C4E800002029E7314B6360002025E72A4BD3F869
:10C4F800CC30636000201FE7274BD3F82C316360F2
:10C5080001F050FEA060002016E7234BD3F89030CE
:10C518006360002010E7204B93F81F31237100203F
:10C528000AE71D4BB3F88830A380002004E71A4BB4
:10C53800B3F88A30A3800020FEE6174BB3F8D0305A
:10C54800A3800020F8E6144BB3F8D230A380002073
:10C55800F2E6114B93F848301BB1062B01D0182096
:10C56800EAE60D4BB3F9A035A3800020E4E60A4BB8
:10C5780093F848301BB1062B01D01820DCE6064B97
:10C58800D3F8A43563600020D6E6204600F082FD8B
:10C59800D2E60320704700BF008000206C80002096
:10C5A800B480002074800020BC800020C485002056
:10C5B800002800F09C8230B585B004469B4BD3F828
:10C5C800403313F0020F40F094820578412D00F2B9
:10C5D8008B82DFE815F042004F0058005F006600CC
:10C5E8006C00720080008B009600A100AC00B700C0
:10C5F800C200CE00DA00E5008902EB001101350126
:10C6080063018D017D019D01A801AD01B201B70152
:10C61800BC018902C101D6010402EF0119022002FE
:10C6280028022E023402890237028902890289020D
:10C63800890289028902890289028902890289029A
:10C648008902890289028902890248024E0254023B
:10C658005A02600266026C027B020079FFF7F0F86A
:10C6680030B9724A92F8913443F0200382F8913439
:10C6780005B030BD0379022B00F03D826C4A82F888
:10C6880030310020EDE7406803F05EFD0028E8D077
:10C698000320EDE7406803F073FD0028E1D0284649
:10C6A800E6E70279624B83F81A210020D9E742684D
:10C6B8005F4BC3F8E0200020D3E741685C4B93F858
:10C6C800300103F07BFD002840F017826268584B68
:10C6D800C3F8E420C5E74168002900F01082002073
:10C6E80001F09CFA0028BCD01120C1E7416800295C
:10C6F80000F00782012001F091FA0028B1D0112042
:10C70800B6E74168002900F0FE81082001F086FAAA
:10C718000028A6D01120ABE74168002900F0F58178
:10C72800092001F07BFA00289BD01120A0E741687E
:10C73800002900F0EC810C2001F070FA002890D05C
:10C74800112095E74168002900F0EA810D2001F0E9
:10C7580065FA002885D011208AE74168002900F091
:10C76800E1810E2001F05AFA00283FF47AAF112037
:10C778007EE74168002900F0D7810F2001F04EFACA
:10C7880000283FF46EAF112072E70079284B83F838
:10C798001901284CA36D9847E36A9847002060E781
:10C7A8000279234B83F88C2000205AE790F908304F
:10C7B8008DF804301E4B93F87D208DF80520072254
:10C7C80001A993F8480001F062FC08B903204FE77B
:10C7D80063680193002201A9154B93F8480001F002
:10C7E80056FC002800F0A281134B043494E803009F
:10C7F80083E80300002034E790F908308DF804300E
:10C808000B4B93F87D208DF80520072201A993F89A
:10C81800480001F03CFC002800F08A81074B0434F2
:10C8280094E8030083E8030000201AE7780A002050
:10C8380000800020106101086C800020B480002076
:10C8480090F908308DF80430B24B93F87D208DF8BC
:10C858000520072201A993F8480001F018FC0028D8
:10C8680000F06881AB4B03F17402043494E80300D0
:10C8780082E8030093F81831022B01D00020F0E67B
:10C88800A2F1740393F8300100283FF4EAAEA24BFA
:10C89800DB6A9847FEF7F4FC0020E2E690F90830DE
:10C8A8008DF804309B4B93F87D208DF805200722E6
:10C8B80001A993F8480001F0EAFB002800F03C8148
:10C8C800964B043494E8030083E803000020C8E68C
:10C8D8004368029301238DF80C3002A98D4B93F81D
:10C8E800480001F0E5FB08B10020BAE60320BFE6E6
:10C8F8004368029300238DF80C3002A9854B93F806
:10C90800480001F0D5FB08B10020AAE60320AFE6F5
:10C918000279531EDBB20E2B00F210817D4B83F897
:10C92800682000209DE642687A4B5A65002098E608
:10C938004268784B9A65002093E64268754BDA6541
:10C9480000208EE64268734B1A66002089E642682A
:10C95800704B5A66002084E690F904308DF8043054
:10C96800062201A96B4B93F8480001F090FB0028C0
:10C9780000F0E6809DF90420664B83F8DD20002056
:10C988006FE690F904308DF80430624B93F87C2000
:10C998008DF80620052201A993F8480001F077FBDD
:10C9A800002800F0CF809DF904205A4B83F83920E5
:10C9B800002056E690F904308DF804300A2201A9C7
:10C9C800544B93F8480001F062FB002800F0BC804B
:10C9D8009DF904204F4B83F8DC20002041E690F9B4
:10C9E80004308DF80430092201A94A4B93F8480015
:10C9F80001F04DFB002800F0A9809DF90420454B6B
:10CA080083F8382000202CE64268424BC3F8942073
:10CA1800DA64002025E602793E4B83F8982083F8F3
:10CA2800502000201DE642683A4BC3F884200020BD
:10CA380017E64268374BC3F8CC20002011E6FEF712
:10CA480033FD0DE68379012B01D9032010E64268F6
:10CA5800304BC3F82C21406800F09CFF00283FF4BD
:10CA680000AE112004E642682A4BC3F8902000204B
:10CA7800F7E50279274B83F81F210020F1E582882A
:10CA8800244BA3F888200020EBE58288214BA3F8EB
:10CA98008A200020E5E582881E4BA3F8D0200020DC
:10CAA800DFE582881B4BA3F8D2200020D9E5194B7B
:10CAB80093F848301BB1062B01D01820D8E5B4F9FB
:10CAC8000420144BA3F8A0250020CAE5114B93F8C5
:10CAD80048301BB1062B01D01820C9E562680D4B00
:10CAE800C3F8A4250020BCE500F0D6FAB8E5032079
:10CAF80070470120BCE50320BAE50320B8E5032010
:10CB0800B6E50320B4E50320B2E50320B0E5032031
:10CB1800AEE500BF0080002010610108BC80002045
:10CB28000320A5E50320A3E50320A1E503209FE555
:10CB380003209DE503209BE5032099E5032097E565
:10CB4800032095E5032093E5032091E503208FE575
:10CB580070B586B00023ADF81030002800F0F380DF
:10CB680005460361FFF77CF818B10124204606B09A
:10CB780070BD00F043FD08B10124F7E700F038FD6F
:10CB880008B3724B012183F8551493F8912442F0AD
:10CB9800040283F891242B788DF814308DF8151041
:10CBA80000228DF817208DF816201C46013B0C2B0F
:10CBB80000F2AF80DFE803F00DADADAD5D67ADAD60
:10CBC80070AD9E7F950014220021614803F01DFC82
:10CBD800D7E75E4BD3F8403313F0200FC6D12B793B
:10CBE800022B03D0012B26D0022493E00020FEF76D
:10CBF8005DFD584C002295F9051094F8480001F0A5
:10CC0800B0FA84F8390095F9063084F838300723EB
:10CC18008DF81530FF20FEF7A7FE0446002879D0CE
:10CC28004C4E012295F9051096F8480001F099FA42
:10CC380086F839006EE0474E002486F81D4102232D
:10CC48008DF80C30694696F8480001F019FA2B79EE
:10CC580086F830318DF8154001238DF81630FCF731
:10CC68009DFF3A4A92F8913443F0100382F89134C8
:10CC780050E0002204A9022000F0AEFA0446002881
:10CC880048D0132446E095F90C20D2B2A968A888A8
:10CC9800FCF7DAFE04463DE069460D2000F0E8FAAC
:10CCA8000446B8B3002204A90D2000F095FA044602
:10CCB80080B313242EE0274B93F818310BB10224CC
:10CCC80028E02C7904F0070000F0DFF98DF8104017
:10CCD800012204A9102000F07FFA0446D0B11324E1
:10CCE80018E0002204A9122000F076FA044688B160
:10CCF80013240FE001238DF8173000F0B7F908B1BD
:10CD0800012407E000F0AFF9002000F0B1F9002499
:10CD180000E002240D4BD3F894342B617CB100F071
:10CD280067FC00287FF422AF084B002183F81A140F
:10CD380093F8912461F3820283F8912416E705A8F9
:10CD480000F08CFB12E7032410E700BF780A0020EC
:10CD5800CC0E0020008000202DE9F04F91B0039107
:10CD6800002800F0DC804FF0000A0546C0F810A04B
:10CD7800FEF776FF804618B1012011B0BDE8F08FAC
:10CD880006AC2E460FCE0FC4C4F800A051468DF84D
:10CD980030A0654C1422204603F037FB0123637052
:10CDA800624B93F83031022B65D09DF81870012F33
:10CDB80000F08680032F00F09680002F6DD04FF092
:10CDC800000BCDF814B0CDF810B002238DF8383030
:10CDD800564E96F87C308DF83A300EA996F84800F1
:10CDE80001F037F90D9044B2A345B8BFA34696F8B1
:10CDF8001A9196F81D2196F830114846FCF7F6FD71
:10CE0800034600B95C46B8F1000F00F08280B9F122
:10CE1800000F00D09BB18DF82C40444B93F87C2038
:10CE28008DF82E2005220BA993F8480001F02FF960
:10CE3800002876D09DF92C203C4B83F839203C4BB8
:10CE4800D3F89814394BD3F89000FDF759FF039B9A
:10CE580000935346059A04990CA8FEF771FE002822
:10CE680052D1334B83F8407493F8912442F0010275
:10CE780083F891244EE02D4B93F81831022B94D16E
:10CE88002A4B93F81E31002B8FD19DF81830002BB8
:10CE98008BD101238DF8183087E79DF830300222B6
:10CEA80062F347138DF830309DF81C300493089BCB
:10CEB8000593BDF824A09DF926B04FF0010884E73A
:10CEC8009DF83030042262F347138DF830309DF816
:10CED8001C300493089B0593BDF824A09DF926B047
:10CEE8004FF0010871E79DF8303043F0E0038DF80A
:10CEF8003030079B0593BDF820A09DF922B04FF074
:10CF080001080023049360E7094B002283F81A24E0
:10CF180000E00220064BD3F894342B612DE7032060
:10CF28002BE7032029E700BFB80E0020008000206F
:10CF3800780A002010B582B004468DF804000F224C
:10CF480001A9094B93F8480001F0A1F848B1064B34
:10CF580083F81C41054A92F8913443F0200382F883
:10CF6800913402B010BD00BF00800020780A002074
:10CF78002DE9F04F8BB00F4616461D4690F90C90E0
:10CF880090F90DA090F80EB04268149B1A6090F8C2
:10CF98000180B8F1000F09D187F8009086F800A049
:10CFA80085F800B040460BB0BDE8F08F0446022378
:10CFB8008DF82030C37B8DF8223008A9007C01F061
:10CFC80048F8079043B201934B45B8BF4B460093CE
:10CFD800626823899A4201D24FF0000861890B44A4
:10CFE8009A4224D263682189628901EB4200834214
:10CFF80032D35B1AB3FBF2F102FB11337BBB019B0B
:10D00800994503DC2378EBB94FF0010B21238DF808
:10D018002030009B8DF82130E37B8DF8223008A961
:10D02800207C01F016F807904FFA80F9B4E70A233C
:10D038008DF8203008A9207C01F00BF807904FFAF2
:10D0480080FACFE702238DF8183003A9207C01F07D
:10D0580017F84FF0010BD9E7DDF800909CE7DDF8F1
:10D06800009099E7704770477047704700207047F5
:10D0780070477047704700207047002070470020B5
:10D08800704700207047002070477047704770470E
:10D098000220704702207047022070477047002026
:10D0A80070477047704700207047002070477047EE
:10D0B8007047704700230F2B04D8C25C22B9013394
:10D0C8009BB2F8E7012070470020704738B500256B
:10D0D8002C010834064B1C442046FFF7EBFF20B90F
:10D0E8000135EDB2202DF3D10024204638BD00BF14
:10D0F800940F002020B10022026042600120704796
:10D1080000207047034660B169B102683AB15A68B5
:10D1180002B1116000220A60596001207047016065
:10D12800F5E7002070470020704760B161B10068E2
:10D13800814202D10020704718460028FBD00368BE
:10D148008B42F9D17047704708467047B8B138B577
:10D158000C460546A9B1FFF7E8FF2B68A34209D0A2
:10D168006B68A34209D008B12368036000232360D9
:10D17800012038BD23682B60F2E76860F3E70020E0
:10D1880070470020F5E70000112805D8034B23FA63
:10D1980000F000F0010070470020704720070200EF
:10D1A8000020704730B108B51022002103F02DF996
:10D1B800012008BD0020704710B5064C4FF40372DB
:10D1C8000021204603F021F92046FFF793FF0020B5
:10D1D80010BD00BF940F002021B3F8B505461446D2
:10D1E8000F46FFF773FF0646F0B101461048FFF7F8
:10D1F80089FFD8B13571B460A2B23946701D03F009
:10D20800ECF82846FFF7C0FF30732846FFF7C8FF41
:10D218007073074AD2F8083223440133C2F808323F
:10D228000020F8BD012070470220FAE70520F8E742
:10D23800940F0020A0B110B5044601460B48FFF733
:10D2480085FF78B1094AD2F80832A1685B1A013B18
:10D25800C2F808322046FFF7A5FF28B1002010BD0C
:10D26800012070470320FAE70520F8E7940F002013
:10D27800064B1B6800E01B6813B11A798242FAD189
:10D288000B600BB10020704703207047940F0020FB
:10D298000A4B186820B1037B1BB10068FAE710BD80
:10D2A800704710B50468FFF7C5FF20460028F6D080
:10D2B800037B002BF6D00068F8E700BF940F00202E
:10D2C80070B50B4B1C6800E034467CB126682579A4
:10D2D8002846FFF759FF0028F6D02846FFF760FFD9
:10D2E8000028F1D12046FFF7A5FFEDE7002070BD2B
:10D2F800940F002028B1044AD2F8082202600020C6
:10D3080070470120704700BF940F00202DE9F041BD
:10D31800164B1C682AB307468846164619B30021DF
:10D3280094B17A1AA36801339A420DD34D1CEDB219
:10D33800237973542289611D701903F04EF8A3688C
:10D348001D44E9B22468EBE72CB125682046FFF7B5
:10D3580071FF2C46F8E74046FFF7CCFF0020BDE8F8
:10D36800F0810120FBE70120F9E700BF940F0020BE
:10D37800831E112B0AD8DFE803F0230B0D240F11AD
:10D3880013151709091909091B1D1F2100207047CA
:10D39800052070470220704701207047062070471B
:10D3A800022070470220704705207047062070470A
:10D3B80001207047052070470420704704207047FB
:10D3C80003207047034B984201D00430704702484D
:10D3D800704700BFBC110020AC11002008B100202C
:10D3E800704701207047042801D8002070470120A9
:10D3F80070470000F8B506460C460D4B93F82070B0
:10D408003846FFF7EBFF70B90025AF4209D92378FA
:10D41800B3420AD02046FFF7D5FF04460135EDB2E6
:10D42800F3E70020F8BD0020FCE72046FAE700BF3C
:10D43800A011002010B5084C2060002384F820308B
:10D4480004F10C006060A0601422FF2102F0DDFFEF
:10D45800012384F8213010BDA011002038B50546FD
:10D468000F4B93F82000FFF7BEFFB8B90C4CA36828
:10D478002A781A70A3686A785A70A368EA78DA700A
:10D48800A368AA789A7094F82030013384F8203081
:10D49800A068FFF797FFA060012038BD0020FCE7D7
:10D4A800A011002038B5094B93F820402046FFF71B
:10D4B80095FF48B9054D013C85F820406868FFF79D
:10D4C80081FF6860012038BD0020FCE7A011002022
:10D4D80038B505460C46084B93F82000FFF77EFF49
:10D4E80048B9054B9A6859682046FFF783FF10B181
:10D4F80045700122827038BDA011002010B5044685
:10D50800094B93F82000FFF769FF40B9064B9A686A
:10D5180059682046FFF76EFF18B1407800E00120F7
:10D5280010BD0120FCE700BFA011002038B505465A
:10D538000C4B5C6883F8210093F82000FFF74EFF3E
:10D5480050B138BD0123A3702046FFF73BFF0446C6
:10D55800044B9B688342F4D06570E378002BF3D1C9
:10D56800F0E700BFA011002008B5044B9A6859687D
:10D57800FFF740FF00B1012008BD00BFA011002047
:10D58800F0B583B00646194B93F8207004220021A9
:10D598000DEB020002F039FF00240DE01A788DF837
:10D5A80004205A788DF80520DB788DF80730FFF7CE
:10D5B80079FFA5B10134E4B2BC4214D20B4B5A68CE
:10D5C800127832705A68527872705B689D78002DB4
:10D5D800E4D0064B1B689B6830469847E7E701A8EC
:10D5E800FFF73CFFE6E703B0F0BD00BFA011002045
:10D5F800014B93F820007047A011002008B5034B99
:10D6080093F82000FFF7EFFE08BD00BFA01100202F
:10D6180010B4019C0299039ADAB18446492010702B
:10D62800002050709070D070107153719471230A5B
:10D63800D371230C1372240E547291720B0AD37295
:10D648000B0C1373090E5173907382F80FC010BC42
:10D6580070470920FBE700000023012B0DD8084A7A
:10D6680012F82320824202D00133DBB2F5E7044AE4
:10D6780002EB83030B60002070470B20704700BF4C
:10D688001C010020F1B1013803281DD8DFE800F0A3
:10D6980002080E140D4A126812690A6000207047C9
:10D6A8000A4A126852690A6000207047074A1268DD
:10D6B80092690A6000207047044A1268D2690A60B9
:10D6C800002070470920704705207047C4110020CA
:10D6D80010B582B00C460023019301A9FFF7D2FFD1
:10D6E80048B9019BA34209D3B3F1FF3F01D0002001
:10D6F80002E0012000E0002002B010BD0120FBE79D
:10D708000138032815D8DFE800F002070C11094B8F
:10D718001B68196119627047064B1B6859611962C9
:10D728007047044B1B68996119627047014B1B686D
:10D73800D9617047C41100200A4B1A680023D360CE
:10D748004FF0FF311161516191611162002B00DDD1
:10D758007047991D02EB81014FF0FF30486001339B
:10D76800F4E700BFC4110020034B1B689B68834289
:10D778002CBF002001207047C41100202DE9F04182
:10D7880088B0119EF0B10C4615461A468046DEB1A7
:10D79800B1F5807F1AD804AF0297109B01930F9BB5
:10D7A80000939DF8383029462046FFF731FF009650
:10D7B8002B4622464146384602F0CAFB40B908B01B
:10D7C800BDE8F0810920FAE70920F8E70D20F6E71F
:10D7D8000E20F4E710B584B000240094019402945C
:10D7E8000394082803D0092825D00A2021E0012421
:10D7F8008DF800408DF80110C1F307248DF8024020
:10D80800C1F307418DF803108DF80420C2F30721F6
:10D818008DF80510C2F307428DF806208DF8073001
:10D828001B0A8DF8083002460121684602F02EFCDA
:10D8380028B904B010BD02248DF80040DAE70E20A4
:10D84800F7E72DE9F04188B090460F9A002852D0AA
:10D858000D460446002604960596069607960096F9
:10D8680001960296039601278DF800709DF83810EE
:10D878008DF805108DF80630190A8DF80710190C67
:10D888008DF808101B0E8DF809308DF80A20130A40
:10D898008DF80B30130C8DF80C30120E8DF80D200E
:10D8A80014E0F218A05C03F12001694411F8101C7F
:10D8B8004840A0540133DBB22A46102DA8BF1022DD
:10D8C8009342EEDB103D2DB21036F6B2002D0EDD80
:10D8D8008DF80F700137BFB204AB4246102168467D
:10D8E80002F05BFB03460028E6D00E2000E0002093
:10D8F80008B0BDE8F0810920FAE768B32DE9F041E6
:10D90800C8B00C4615461E468046B1F5807F25D81E
:10D9180004AF4FF488720021384602F076FD029772
:10D92800509B01934F9B00939DF83831324629460E
:10D938002046FFF76DFE2246414608A802F04DFD3D
:10D948002B46519A04F11001384602F010FB30B111
:10D95800012804D00E2002E0092070470D2048B0AD
:10D96800BDE8F08188B110B5094C2060282200215B
:10D9780002F04BFD23680122DA709A705A70002475
:10D988001C70FFF7D9FE204610BD0820704700BF65
:10D99800C4110020024B1B6818600020704700BFAC
:10D9A800C411002030B1044B1B68DB6801330360ED
:10D9B8000020704709207047C411002030B583B09B
:10D9C80000230193F2B10C46154601A9FFF75AFE50
:10D9D80048B9019BB3F1FF3F07D09AB2A21A002AB7
:10D9E80005DD13442B6003B030BD2C60FBE732B17A
:10D9F8001B0C1B04234403F580332B60F3E72B60D7
:10DA08000720F0E70920EEE7014608B9092070472A
:10DA18000023002B01DD00207047074A126803EB42
:10DA2800430001EB001003F1060C02EB8C020432F8
:10DA380042620133EDE700BFC4110020D8B110B530
:10DA480082B004460F4B1A68938801339BB29380C7
:10DA5800C38200F032FA80B9234653F8181B0093AA
:10DA68000123132202F074FA50B9204600F025FA77
:10DA780020B1102002E009207047102002B010BD2C
:10DA88000E20FBE7C4110020002B36D030B585B03E
:10DA980004461D461D4B1B68DB6883422FD895F84A
:10DAA800202042B30922A34209D201940023009303
:10DAB800AB6895F82810686AFFF7C3FE10BB2846C4
:10DAC80000F031FAE8B9297904392B4653F82C0BC0
:10DAD80003930294AB68019300230093082289B250
:10DAE800FFF74CFE70B9284600F01DFA60B9074BE5
:10DAF8001B68DC6006E00822D5E70920704706208D
:10DB080000E0102005B030BD1020FBE7C411002054
:10DB18002DE9F04387B00E9E002E49D00546884671
:10DB280017461C4619461046FFF7D2FD002841D07B
:10DB3800304600F063F9002841D105A92846FFF7CF
:10DB48008BFD0546002836D1059B93F801909A78FD
:10DB5800B368434535D1337BC3F340131A49096889
:10DB6800897801B9002331790439F06A0390029465
:10DB7800CDF804800120009089B23068FFF7BDFE1F
:10DB88000546C0B996F820300BB94FF00809019442
:10DB98000123009343464A4696F82810706AFFF717
:10DBA80050FE054638B921463846FFF7A9FD02E080
:10DBB800092500E00625284607B0BDE8F0830F25B3
:10DBC800F9E70225F7E700BFC411002000B585B0CA
:10DBD8000A46002300930193029303930B2907D06D
:10DBE8000C2913D00A290CD00A2005B05DF804FBD3
:10DBF800012801D000210AE020238DF800300021FF
:10DC080005E030238DF80030002100E00B21684644
:10DC180002F03CFA0028E8D00E20E6E710B50446EA
:10DC280002F0F2F998B904B110BD0C4B1B680B2136
:10DC38009878FFF7CBFF60B90C21FFF7C7FF50B901
:10DC48000A21FFF7C3FF0028EED00E20ECE70E20D4
:10DC5800EAE70E20E8E70E20E6E700BFC41100203F
:10DC6800002A6CD0F0B58FB007460D46144600293F
:10DC780067D0002605961D22314606A805F0F6FD58
:10DC88008DF81360334B1B689E880DF113030293C4
:10DC980005AB019323790093236832462946384619
:10DCA80002F014FA00284ED1227905A9206802F062
:10DCB80094FB204600F050F8002847D1A579E37975
:10DCC80045EA0325237A45EA03452846FFF74CFD34
:10DCD80000283DD01F4B1B689D600B219DF8130049
:10DCE800FFF774FF80BB0C210020FFF76FFF58BBC4
:10DCF8000A210020FFF76AFF30BB637AA27A43EA61
:10DD08000223E27A43EA024433462246294609209E
:10DD1800FFF760FDC0B93346224629460820FFF7C1
:10DD280059FD88B90B4B1B689DF813209A70002287
:10DD3800DA604FF0FF329A611A615A6104E00920F3
:10DD48007047092000E00E200FB0F0BD0F20FBE760
:10DD58000320F9E7C4110020002849D010B5044673
:10DD68000168002946D011F8013B437103220630AF
:10DD780002F033FB204650F8091B0322043102F05D
:10DD88002CFB2168CB79E3600A7A43EA0223E3603B
:10DD98004A7A43EA0243E3608A7A43EA0263E36029
:10DDA800CB7A23740B7B63742379212B18D0112B26
:10DDB80022DC0D22216802F1010C8B5C6362901C4D
:10DDC80011F80CC043EA0C2363620332085C43EA8F
:10DDD800004363628A5C43EA02636362002010BD09
:10DDE80010220D3104F1120002F0F7FA1D22E1E7CA
:10DDF800022070470220F2E70120F0E7002858D0FF
:10DE080010B504460168002955D00B7843714B784A
:10DE180083608A7843EA02238360CA7843EA02432C
:10DE280083600A7943EA026383604B7903738B79D1
:10DE3800C381CA7943EA0223C381027B02F00F023D
:10DE48000831103002F0C9FA237B03F00F0303F105
:10DE58000800002284F8202084F828202279111A4A
:10DE6800042916DC226823791A4412F8043CE36278
:10DE780012F8031C43EA0123E36212F8021C43EA86
:10DE88000143E36212F8012C43EA0263E3620020D3
:10DE980010BD21680933085C84F82000D21AD2B278
:10DEA800043AD2B284F828201944606A02F095FA3C
:10DEB800D8E7022070470220EAE770B310B504469D
:10DEC800036863B30279162A2BD942791A7001467E
:10DED80051F8060B0822013002F08AFA214651F85F
:10DEE8000E0B0822093002F083FAE28A23685A747A
:10DEF800E38A22681B0A9374A2692368DA74A36907
:10DF08001B0A22681375628B23685A75E27E2368A0
:10DF18009A7517232371002010BD01207047012036
:10DF2800FAE70220F8E7002866D038B50446016809
:10DF3800002963D0027B02F00F0202F1080094F876
:10DF480028300BB102F10900034404339BB2227953
:10DF58009A4255D363790B70A26823685A70A368F4
:10DF68001B0A2268937062892368DA70E27A236850
:10DF78001A712368227B5A71E28923689A71E389AE
:10DF880022681B0AD371214651F8100B227B02F03C
:10DF98000F02083002F021FA237B03F00F0303F18C
:10DFA800080594F828202AB1226894F820105155C1
:10DFB80003F10905206894F82820616A284402F0D2
:10DFC8000CFA94F828302B44E06A21685A1C92B263
:10DFD800C854E16A080A2568991C89B2A854E58DD5
:10DFE8002068DA1C92B2455494F82F002168043353
:10DFF80088542371002038BD012070470120FAE7BA
:10E008000220F8E7024B1A8810431880704700BFB7
:10E01800C811002008B5064B1B881BB1FEF77EF817
:10E0280018B908BD6FF00100FBE76FF00200F8E7D0
:10E03800C811002010B50024024B1C80FEF762F8BE
:10E04800204610BDC811002008B9012070470020E3
:10E05800704700B583B00023009328B1009B01935B
:10E06800019803B05DF804FB084600F0E5F801905C
:10E07800F6E700B1704708B5084600F0E1F908BDB9
:10E0880000B1704708B5084600F0F8F908BD08B1B6
:10E098000020704708B50B461146184600F052FAA2
:10E0A80008BD00B1704708B5084600F011FE08BD6C
:10E0B80008B10020704708B5084600F095FA08BD79
:10E0C80000B1704708B58C4611461A46029B604657
:10E0D80000F0A8FA08BD08B10020704708B50B4643
:10E0E8001146184600F0D4FA08BD08B10020704760
:10E0F80008B58C4611461A46604600F04DFB08BD2F
:10E1080008B10020704700B583B08C4611461A4606
:10E11800059B0093049B604600F0D6FB03B05DF8B6
:10E1280004FB08B10020704708B5084600F092FCCF
:10E1380008BD08B10020704708B5084600F009FE80
:10E1480008BD08B10020704708B5084600F09FFCDC
:10E1580008BD08B10020704708B5084600F09AFCD1
:10E1680008BD08B10020704708B50B46114618468F
:10E1780000F0B6FC08BD08B10920704708B58C4608
:10E1880011461A46029B604600F0ACFC08BD8C465E
:10E19800114608B1D0B2704708B51A46604600F07B
:10E1A80003FE08BD004870470100010210B504468F
:10E1B800054B1B6A984720B1044B2344044A9342F9
:10E1C80000D810BD0020FCE710610108403576C971
:10E1D800405DC60070B584B005460C46134B1E560C
:10E1E800134901F089F90146072D0ED0114B5D6ADC
:10E1F80001200390E4B202940023019308230093C2
:10E2080003463246A84704B070BD0A4B5D6A012335
:10E218000393E4B20294002001900523009303467F
:10E228004FF47A7206FB02F2A847ECE7FC5A0108A1
:10E23800DC5A01081061010800B587B00023049377
:10E248000378013B372B45D8DFE813F038003D0051
:10E258004400440044004200440044004400440098
:10E2680063006600690077004400850089008D001E
:10E278009100950099004400A200A500A800AE00F6
:10E28800B400B700BB004400BE00C200490044000F
:10E298004400440044004400440044004400440056
:10E2A8004400440044004400C500C800CF004400B6
:10E2B8004400D200D5004400D800DE00C3784BB13A
:10E2C8000423049306E0837823B10423049301E034
:10E2D800042304930498059007B05DF804FB90F9B3
:10E2E80001308DF8043007238DF80530837803B1A9
:10E2F80004238DF8063010238DF80730464B1B6831
:10E3080003F558720292039301A801F0D2F8049021
:10E31800E0E740230493DDE720230493DAE78378DA
:10E328002BB990F901303D4AD35C0493D2E790F9B8
:10E3380001303B4AD35C0493CCE783782BB990F93E
:10E348000130384AD35C0493C4E790F90130344A69
:10E35800D35C0493BEE740F6B8330493BAE74FF4AE
:10E368007A730493B6E74FF4FA630493B2E741F281
:10E3780088330493AEE741F270730493AAE74FF42D
:10E388007A71294802F01CF800F5FA600490A1E7B8
:10E39800264B04939EE7022304939BE71E4B1B68BE
:10E3A80003F55873049395E71B4B1B6803F55B73E0
:10E3B80004938FE7102304938CE7174B1B6804938F
:10E3C80088E70123049385E74FF08343049381E7AB
:10E3D800174B04937EE7174B04937BE711238DF8C3
:10E3E800103001238DF8113074E70323049371E78B
:10E3F800104B04936EE7032304936BE790F9013005
:10E408000D4AD35C049365E70C4990F9010001F0CB
:10E4180073F804905EE700BFD0110020D45A0108B9
:10E42800C45A0108CC5A010818FCFFFFC034A236B0
:10E438009A9909400042A536FC5A0108DC5A01089D
:10E4480010B582B00B4B1A68037803EB430302EB59
:10E4580083035B7A03EB430C074B1C680369009347
:10E46800C3684278816804EBCC0000F0FDFD02B07F
:10E4780010BD00BFD0110020CC11002010B586B00F
:10E488006423ADF8003000238DF802300193029325
:10E49800039304938DF81430037B012B32D0022BA5
:10E4A8003DD00BB106B010BD0368002BFAD043680D
:10E4B800002BF7D01F4C236080681F4B1860182270
:10E4C800694601F08AFF23681C4C94E8070083E83A
:10E4D800070003F10C0C0C3494E807008CE80700E3
:10E4E800174A1A6002F5433202F5A072DA60032275
:10E4F800A3F86C23012203F55B7103F5587000F053
:10E50800A4FDCFE70B4B1868002343600361012289
:10E5180000F55B7100F5587000F097FDC2E7054BF8
:10E528001B68B3F86023B3F86C130A43A3F860239D
:10E53800B8E700BFD0110020CC110020B83A01087C
:10E54800C034A23608B50A294BD8DFE801F0064ADC
:10E558004A4A4A0A202A4A4040000068FFF726FE35
:10E5680040E083784BB90722002190F9000000F0C1
:10E57800F8FC003818BF012034E00722042190F984
:10E58800000000F0EEFC003818BF01202AE0052248
:10E59800002190F9000000F0E4FC003818BF0120C9
:10E5A80020E043784BB90722002190F9000000F0E1
:10E5B800D8FC003818BF012014E00722042190F984
:10E5C800000000F0CEFC003818BF01200AE0072246
:10E5D800002190F9000000F0C4FC003818BF0120A9
:10E5E80000E0002008BD000008B503791BB1012B2D
:10E5F8000BD0002008BD0A4B1B680122016803F5F7
:10E60800587000F022FD0120F4E7054B1B68012239
:10E61800016803F55B7000F018FD0120EAE700BF10
:10E62800D0110020F0B583B00E4617461C460728C7
:10E63800A8BF07205870134900F05EFFA07094F936
:10E648000130072B17D00F4A52F823100E4AD05C1E
:10E6580000F022FE05460D4BDB6D9847034604F19A
:10E668000C020192083400943A463146284600F0DC
:10E6780021FE03B0F0BD044AD05C00F015FE05464B
:10E68800E9E700BFDC5A0108FC5A010810610108DB
:10E698002DE9F0478AB004460F4690F90150D0F8AA
:10E6A8000480374B5B689847002867D10646E37CAF
:10E6B80083B9344B1A68237803EB430152F82110CD
:10E6C80003EB430302EB8302D2F80480B8F1000F96
:10E6D80000D188462C4B13F90590294BDB6840463E
:10E6E8009847072D2BD0264BD3F818A0A37C099365
:10E6F8000126089600230793069305930493039332
:10E708002289029208220192009333464A46A17850
:10E718003046D047637C002B2DD01C4B595D184BDD
:10E728005B6D0D31C9B2304698472A464146E07CB8
:10E7380000F0F4FE3D7001200AB0BDE8F087104BF0
:10E74800D3F818A0A37C099300200890079006909E
:10E7580001230593049003902389029305230193D1
:10E768000B4B009303464FF47A7202FB09F24CF20A
:10E778005031D047CEE7074B595DD0E70020DBE7A3
:10E7880010610108D0110020FC5A0108CC5A010878
:10E7980085450100D45A01082DE9F04F8DB0044693
:10E7A8000F46904690F90130424A12F903A0424DB3
:10E7B8002A68037803EB430302EB8302537A03EBE3
:10E7C80043033E4A126802EBC30393F9021090F91F
:10E7D800020000F08DFE0646394994F9010000F068
:10E7E8008BFE8146A2686168304600F09FFD0B9061
:10E7F800344BDA682968237803EB430351F8230084
:10E80800904794F90130072B31D02E4BD3F81CB028
:10E818004FF47A6308930022079206920592012525
:10E8280004950392082302930195CDF800A04B4666
:10E838000B992846D847204B1A68237803EB4303E3
:10E8480094F9011052F8230000F08AFEA18994F986
:10E858000100FFF7BFFCC8F800001A4B5B6D217B75
:10E86800284698473E7001200DB0BDE8F08F154B43
:10E87800DD694FF47A7303FB0AF34FF47A62089266
:10E888004FF0000ACDF81CA0CDF818A0CDF814A0C0
:10E8980001220492CDF80CA005220292CDF804A022
:10E8A80000934B4646F2A8120B995046A847554686
:10E8B800C1E700BFFC5A0108D0110020CC1100208C
:10E8C800DC5A0108106101082DE9F0438FB00546B4
:10E8D800894690461F4600240C94ADF83440ADF8A4
:10E8E8002E40072630E04FF0000C072612E0584A69
:10E8F80012680CEB4C0152F821203AB1012202FABD
:10E908000CF2BDF82E100A43ADF82E200CF1010CC4
:10E918005FFA8CFCBCF10F0F16D8062BE7D0BDF8B8
:10E928002EE04EFA0CFE1EF0010FEFD0484A126896
:10E938000CEB4C0152F82120002AE7D106F0FE0624
:10E94800E4E7062600E006262B7AA34219D9686870
:10E958000CA9204400F02AFC034690B12344DCB201
:10E96800BDF83420ADF82E209DF833300BB9002ABD
:10E97800E7D05A1ED2B2042AE5D9062BB3D9062607
:10E98800E2E702238DF828306B7A8DF82A300AA83E
:10E99800FFF752FC09908DF80860AB7A8DF80930C2
:10E9A8009DF931308DF80A309DF932308DF80B30F1
:10E9B8009DF830308DF80C3095F90B308DF80D300E
:10E9C80095F90C308DF80E3095F90D308DF80F3023
:10E9D80010238DF810300DF12E0305938DF81800D3
:10E9E80007238DF819301A4A126807928DF82030DB
:10E9F80000238DF821302B6801930CAB0DF1320206
:10EA08000DF1310101A800F0EFFB0546072810D0F1
:10EA18009DF9313089F800309DF9323088F800309E
:10EA28009DF830303B70169B1C7028460FB0BDE82F
:10EA3800F083074E30680C22002100F5587001F071
:10EA4800E4FC3368BDF82E20A3F86023E0E700BF9C
:10EA5800D011002038B504464068FFF7A7FBA0B1E5
:10EA680007250722002194F9000000F07AFA08B976
:10EA780005F0FD050722002194F9010000F071FA64
:10EA880008B905F0FB05284638BD0625E9E700204A
:10EA98007047000003780F2B01D90020704710B58C
:10EAA80004464068FFF782FB60B103200B4B1A68ED
:10EAB800237803EB430152F8211029B900F0FD0037
:10EAC80040B210BD0220F1E70328F9D1616803EBD9
:10EAD800430302EB83025160F2E700BFD01100202C
:10EAE80004207047F0B597B004460F4616461D46F9
:10EAF80000218DF857108DF856101191129113912D
:10EB080014910323ADF80A30344B1868012200F53C
:10EB1800587000F084FA38B9304B1A68B2F860338C
:10EB280043F00303A2F86033637A8DF80C30237A3C
:10EB38008DF80D30294B1B6803F558720492059324
:10EB4800274B1B6806931023ADF81C300DF10A0300
:10EB580008932368099363680A93A37A8DF82C3085
:10EB680001238DF82D300CAB04F10C0292E8030060
:10EB780083E80300237D8DF83830E18A94F9080092
:10EB8800FFF728FB0F9003AB109301960DF1560386
:10EB980000930DF1570311AA294609A800F03FFC7C
:10EBA800044620B10C280FD0204617B0F0BD9DF8C0
:10EBB8005710013901F004FC00F158030DEB030074
:10EBC80010F8143C3B70EFE7044B1A68B2F8603356
:10EBD80043F00303A2F86033E6E700BFD01100203A
:10EBE800CC110020F8B50579012D4AD904460F2D1E
:10EBF80049D80368187A40F303000722002140B27D
:10EC080000F0AFF9F8B100262368187A40F3031032
:10EC18000722002140B200F0A4F900B901262168BA
:10EC28000B7A43F3030252B243F303135BB29A42E3
:10EC380000DD01260868FFF7B9FA30B1002336B1C4
:10EC48001BB3062020E00126DEE70123F7E7F3B92E
:10EC5800104F3B686E0005EB45000C22216803EB62
:10EC6800800001F0BAFB3B682E4403EB86060020C7
:10EC78007072B3F860230121A9400A43A3F8602306
:10EC880002E0062000E00320F8BD0520FCE7042090
:10EC9800FAE700BFD01100200178012913D908B57F
:10ECA8000A4B186801EB41034FEA830C00EB83031E
:10ECB800002240F80C205A609A60102200F5587023
:10ECC80000F091F908BD0020704700BFD011002066
:10ECD80070B586B050238DF81430037A102B36D1D6
:10ECE80006464368DD7B002D31D102241BE07268A3
:10ECF800535D03932A44517843EA0123039392789E
:10ED080043EA02430393642202FB03F303930023C1
:10ED1800049311E08DF800406846FFF7BDFF033506
:10ED2800EDB20134E4B20F2C11D8062CDFD9002340
:10ED380003938DF814300493039B002BEAD003ABA4
:10ED480001938DF8084001A8FFF74CFFE7E706B0EC
:10ED580070BD00B585B003681A6852B903798DF89B
:10ED6800043001A8FFF798FFD0B1032005B05DF883
:10ED780004FB029303798DF80C3002A8FFF732FFE9
:10ED880006280BD8DFE800F0040A0A0A0E06080075
:10ED98000320EBE70120E9E70020E7E70020E5E7AB
:10EDA8000020E3E70220E1E728B9054B03EBC103A4
:10EDB8009856C0B27047034B03EBC1039856F8E767
:10EDC800845A0108445A010882B00DF1080C0CE974
:10EDD8000C00008899B91346B2F5616F06D349F65D
:10EDE800AF22934208D84FF47A7300E06423984224
:10EDF80038BF184602B0704742F21073F7E7002890
:10EE0800F8D10120F6E784460023184601E00133D3
:10EE1800DBB28B4207D201229A4032EA0C02F6D1C9
:10EE28000130C0B2F3E770472DE9F04389B00446DA
:10EE38000E4602AD85E80C009DF840809DF8449090
:10EE480095E8030003F0DEFF0746002304930593CB
:10EE580095E80C0031462046FFF7B6FF0546002E20
:10EE68004CD1642825D0B0F57A7F25D0274EA168EB
:10EE780006A803F0E7FF079B0093069B02AA06CAB1
:10EE880004A803F046FFB8F1000F02D1B9F1000F52
:10EE980002D02369B34212D0E660029B1C4A934217
:10EEA80012D8636803B9E6602661284609B0BDE850
:10EEB800F083A760174EDAE7A760174ED7E7049AE2
:10EEC800164B9A42EDD9E7E7A3F5F633303B144ADF
:10EED800A2FB03231B0C0493124A02FB03F30493C3
:10EEE80003F5F633303304930023ADF8143004AB44
:10EEF80093E8030003F086FFA060D2E7B8F1000FA3
:10EF080002D1044EE660CCE7024ECAE7002E930217
:10EF18002FEC010040771B0080A812017F510100EF
:10EF280007452EC28051010070B582B004460E46D6
:10EF38000193009206AB0CCBFFF776FF05464EB95E
:10EF4800E26823699A4200D9E360089B6360284617
:10EF580002B070BD606804F047F8E3680344E360FA
:10EF6800EEE7884203DB904203DD00207047002073
:10EF78007047012070472DE9F04782460E469046BB
:10EF8800DDF824909DF9202019464046FFF7E9FF57
:10EF980038B300252F461EE00134E4B20F2C16D8F2
:10EFA80036F81530234113F0010FF5D03B1903EB68
:10EFB800430309EB8303197A0A0901F00F0140465C
:10EFC800FFF7CFFF0128E7D10120BDE8F087103710
:10EFD800FFB20135EDB2574501D20024DEE700202B
:10EFE800F3E70020F1E71309B3EB111F13D300B5C2
:10EFF80084464FEA111E91420FD230F81E3001F0BC
:10F008000F01012000FA01F1C94309B20B402CF8A5
:10F018001E305DF804FB002070470020F9E7F8B5C2
:10F0280088B10C4616460746002508E0102137F837
:10F038001400FFF7E8FE0544EDB20134E4B2B4422F
:10F04800F4D32846F8BD0025FBE7844658B109B13A
:10F05800002306E0704731F813002CF81300013341
:10F06800DBB29342F7D3704782B038B504460D46F9
:10F07800114604AA42F8043F0CCAFFF7A5FEE3684C
:10F0880005FB00F18B4205D95B1AE360BDE8384007
:10F0980002B070470023E360F8E700002DE9F04F65
:10F0A80089B007468B46914698469DF848A003F0DC
:10F0B80091FF0490002426464FF0FF33059305E0A6
:10F0C80001232B751E44F6B20134E4B24C455DD2DF
:10F0D80004EB44050BEBC505049B029313AB93E8C3
:10F0E80003008DE803005346424639462846FFF799
:10F0F8001BFF159B03FB00F3EA689A42E0D2B8F1C4
:10F10800000F01D1002FDBD100212975296999420F
:10F1180007D39B1A059A9A4228BF1A4605920136C8
:10F12800F6B2002FD0D100230693ADF81C30642826
:10F1380024D0B0F57A7F25D0194B0693139B184A33
:10F1480093420CD9A3F5F633303B164AA2FB0323AE
:10F158001B0C154A03FB0222069B1344069306ADBB
:10F16800149B0093139B95E80600284603F0D1FDF5
:10F1780095E8030003F046FE0590A5E74FF46163A8
:10F188000693DBE749F6B0230693D7E71EB1059847
:10F1980009B0BDE8F08F4FF0FF330593F7E700BFE4
:10F1A80030EC010007452EC2805101000378032B83
:10F1B80001D000207047437890F901204A7003F08D
:10F1C8000F028A701B094B7083788B80C27843EAE0
:10F1D80002238B8003790B70C3F30212CA7003F009
:10F1E8000F030B70052070472DE9F04F85B00446DA
:10F1F800884617461E46057990F906A090F90790AB
:10F2080090F908B043792BB990F90BB090F909A09F
:10F2180090F90A9055B3BAF10F0F14D194F909A0D7
:10F22800B9F10F0F20D094F91D30039394F91C20E5
:10F238001C4619464846FFF794FEB8B94C4521DCF0
:10F2480005F0FB0512E0A369019394F915300093CA
:10F2580094F9143052462169207BFFF78CFE002870
:10F26800DED105F0FD05DBE794F90A90072D0CD0F7
:10F2780088F800A087F8009086F800B0284605B006
:10F28800BDE8F08FDDF80C90F0E7BBF1000FEFD18F
:10F298004FF0010BECE70000024B03FA00F0B0FB63
:10F2A800F1F0704740420F004FF4FA53B3FBF0F00F
:10F2B8007047000000B5A1F1040C4FF47A7E0EFBF4
:10F2C80002F200FB0C22520021D00244013AB2FBA8
:10F2D800F0F2914238BF1146019A1160820001FB99
:10F2E80000F0B8B101304008121A4FF47A7101FBEE
:10F2F8001323002B10DD03F2E7330B4A82FB0312C2
:10F30800DB17C3EBA213029A13605DF804FBB2FB90
:10F31800F0F2DEE74008E7E7034A82FB0312DB1757
:10F32800C3EBA213EFE700BFD34D621038B50D460B
:10F3380014464000F1F746FA01462846F1F790F9DD
:10F348002146F1F78DF9F1F77FF804F0CDFAF1F7DE
:10F358005BF940B238BD2DE9F04F83B005468B46C6
:10F3680000930026B046B246B146019249E03A7A87
:10F3780042F3030142F3031252B249B295F9010074
:10F38800FFF7EFFD78B1EA687B7A03EB430302EB02
:10F39800C302137D53B309F1010308EB04020BF810
:10F3A80009205FFA83F90134E4B20F2C23D86B6883
:10F3B800720033F81630234113F0010FF3D0A86818
:10F3C80008EB040303EB430300EB830750F82330F7
:10F3D800002BE8D02B78002BC9D16B69002BC6D045
:10F3E8009B5A234113F0010FC1D1DCE70AF1010A4E
:10F3F8005FFA8AFAD7E708F110085FFA88F8013649
:10F40800F6B22B8A984501D20024CEE7019F87F8EF
:10F418000090009B83F800A003B0BDE8F08F2DE9B1
:10F42800F04385B004460F4616461D46DDF8308089
:10F43800DDF83490406803F0D7FD23681B1AC9F83B
:10F448000030012388F8003000232B70636813B163
:10F45800236883421ED800233B60E369D3F80CC0BD
:10F468001F78A369039301AB04F10C0292E803002F
:10F4780083E80300237D0093237A627A6146384645
:10F48800FFF70CFEC9F8000043462A463146E069FA
:10F49800FFF761FF2B7823B998F800303BB10B20B8
:10F4A80002E00020C9F8000005B0BDE8F0830C2098
:10F4B800FAE770B582B0054690F9004090F902600D
:10F4C800A64211D0013C64B2A6420ED0AB680193AB
:10F4D80095F901300093334622466968E878FFF7CA
:10F4E8004AFD0028EED000E03446204602B070BD48
:10F4F8008842B8BF0846704751F82030054A934201
:10F5080004D0054A934203D1022070470120704776
:10F518000020704790D0030020A1070000B585B0F7
:10F5280005280ED8029201910A4B53F82030009317
:10F53800094B01220021022003F008F905B05DF80B
:10F5480004FB01920091054B01220021022003F0E7
:10F55800FDF8F3E76C5B0108045B0108245B010814
:10F5680000B583B001910090044B012200210220D4
:10F5780003F0ECF803B05DF804FB00BF405B010842
:10F5880010B5044610220021F13000F03EFF0021A2
:10F59800C4F81411F022204600F037FF10BD08B55A
:10F5A80002460846102100F03BFB08BD2DE9F0415A
:10F5B80084B004460D461646D0F81431002B54D0BA
:10F5C800C3F110084746904528BF174600F20110BE
:10F5D800BAB2184400F001FFD4F814313B44C4F81F
:10F5E80014310F2B4DD9B0454BD2002308E0E21857
:10F5F80092F8F11092F80101414082F8F1100133BC
:10F608000F2BF4DD04F1F10810224146684600F0A2
:10F61800E4FE22466946684600F086FB10226946E9
:10F62800404600F0DAFE3D44F61B1EE004EB030EF4
:10F638009EF8F1C0EA5C8CEA020C8EF8F1C0013346
:10F648000F2BF3DD04F1F10710223946684600F06C
:10F65800C4FE22466946684600F066FB10226946E9
:10F66800384600F0BAFE1035103E102E01D900239E
:10F67800E6E7B2B2294604F2011000F0AEFEC4F883
:10F68800146104B0BDE8F08130B589B005460C4678
:10F69800102200210DEB020000F0B7FE224604A95B
:10F6A800084600F041FB9DF91030002B01DB0023D8
:10F6B80030E000230E2B11DC03F120020DEB0201D8
:10F6C80011F8100C013303F120026A4412F8102CCF
:10F6D800D20942EA400201F8102CEBE79DF81F30EE
:10F6E8005B00DBB28DF81F3083F087038DF81F3085
:10F6F80017E003F120020DEB020111F8100C0133A1
:10F7080003F120026A4412F8102CD20942EA40029E
:10F7180001F8102C0E2BECDD9DF81F305B008DF8E6
:10F728001F30D4F81401102814D09DF91030002B84
:10F7380030DB002341E0E11891F8012103F12000BA
:10F74800684410F8100C424081F8012101330F2B56
:10F75800F1DD59E00023FAE703F120020DEB020185
:10F7680011F810CC013303F120026A4412F8102C6E
:10F77800D20942EA4C0201F8102C0E2BECDD9DF860
:10F788001F305B00DBB28DF81F3083F087038DF8E4
:10F798001F3019E00023F0E703F120020DEB02010E
:10F7A80011F810CC013303F120026A4412F8102C2E
:10F7B800D20942EA4C0201F8102C0E2BECDD9DF820
:10F7C8001F305B008DF81F302044802380F8013102
:10F7D80003E02344002283F80121D4F814310133D3
:10F7E800C4F814310F2BF4D900230BE0E11891F879
:10F7F800012103F12000684410F8100C424081F800
:10F80800012101330F2BF1DD002309E0E21892F802
:10F81800F1C092F801118CEA010C82F8F1C00133B1
:10F828000F2BF3DD102204F1F101684600F0D5FD3D
:10F8380022462946684600F077FA102200210DEB8F
:10F84800020000F0E2FD09B030BD0B7803704B7880
:10F8580043708B788370CB78C3700B7903714B79C5
:10F8680043718B798371CB79C3710B7A03724B7AAD
:10F8780043728B7A8372CB7AC3720B7B03734B7B95
:10F8880043738B7B8373CB7BC373704704E011F89E
:10F89800012B00F8012B1A46531EDBB2002AF6D1C1
:10F8A800704703780A785340037043784A78534086
:10F8B800437083788A7853408370C378CA785340FA
:10F8C800C37003790A795340037143794A795340E5
:10F8D800437183798A7953408371C379CA795340D4
:10F8E800C371037A0A7A53400372437A4A7A5340BF
:10F8F8004372837A8A7A53408372C37ACA7A5340AE
:10F90800C372037B0A7B53400373437B4A7B534098
:10F918004373837B8A7B53408373C37BCA7B534087
:10F92800C37370470B7892F800C083EA0C03037026
:10F938004B7892F801C083EA0C0343708B7892F8F5
:10F9480002C083EA0C038370CB7892F803C083EA81
:10F958000C03C3700B7992F804C083EA0C0303719B
:10F968004B7992F805C083EA0C0343718B7992F8BE
:10F9780006C083EA0C038371CB7992F807C083EA47
:10F988000C03C3710B7A92F808C083EA0C03037264
:10F998004B7A92F809C083EA0C0343728B7A92F887
:10F9A8000AC083EA0C038372CB7A92F80BC083EA0D
:10F9B8000C03C3720B7B92F80CC083EA0C0303732D
:10F9C8004B7B92F80DC083EA0C0343738B7B92F850
:10F9D8000EC083EA0C038373CB7BD27B5340C37383
:10F9E800704708B5FFF75DFF08BD00000278184BA7
:10F9F8009A5C027002799A5C0271027A9A5C0272CD
:10FA0800027B9A5C027342784179595C4170417A71
:10FA1800595C4171417B595C41729A5C42738278AE
:10FA2800817A595C81709A5C82728279817B595C97
:10FA380081719A5C8273C27BC17A595CC173C17946
:10FA4800595CC172C178595CC1719B5CC3707047C5
:10FA5800845D01082DE9F04784B0044601466846F4
:10FA6800FFF7F3FE9DF800C06A4B13F80C009DF8F1
:10FA78000580694A12F808909DF80AE0674911F86C
:10FA88000E509DF80F70CE5D80EA09006840704006
:10FA9800207011F80C0013F808A012F80E9080EAF4
:10FAA8000A0A89EA0A0986EA0906667011F80880CE
:10FAB80013F80EE0D65D80EA08008EEA0000704078
:10FAC800A07012F80C60D85D86EA08067540684098
:10FAD800E0709DF804C013F80C009DF8098012F836
:10FAE80008909DF80EE011F80E509DF80370CE5D59
:10FAF80080EA090068407040207111F80C0013F882
:10FB080008A012F80E9080EA0A0A89EA0A0986EA29
:10FB18000906667111F8088013F80EE0D65D80EAD0
:10FB280008008EEA00007040A07112F80C60D85DE1
:10FB380086EA080675406840E0719DF808C013F829
:10FB48000C009DF80D8012F808909DF802E011F85D
:10FB58000E509DF80770CE5D80EA0900684070403D
:10FB6800207211F80C0013F808A012F80E9080EA21
:10FB78000A0A89EA0A0986EA0906667211F80880FB
:10FB880013F80EE0D65D80EA08008EEA00007040A7
:10FB9800A07212F80C60D85D86EA080675406840C5
:10FBA800E0729DF80C60985D9DF8018012F808904D
:10FBB8009DF8067011F807C09DF80B5011F805E084
:10FBC80080EA09008CEA00008EEA00002073885D54
:10FBD80013F808A012F8079080EA0A0A89EA0A09C5
:10FBE8008EEA090E84F80DE011F8081013F807E002
:10FBF800575D48408EEA00007840A073925D5B5DD7
:10FC080051408CEA010C83EA0C03E37304B0BDE8AD
:10FC1800F08700BF845C0108845B0108845D0108EB
:10FC28002DE9F8431446A1F11003DBB2102B06D8D6
:10FC38000D463B4A22FA03F313F0010F05D10023C6
:10FC480084F8F030FF20BDE8F8830A4601462046D4
:10FC5800FFF71CFE05F11C03DBB29B005FFA83FE75
:10FC6800C3F30313013B84F8F0302B464FF0010C2B
:10FC780023E0182D01D9102A48D05A1BD2B214F803
:10FC8800029089EA080804F8008002F1010814F8D3
:10FC9800088000F1010988EA070704F80970971C31
:10FCA800E75D00F102087E4004F808600332A65CB4
:10FCB800C21C7140A1540433DBB273452DD21846DF
:10FCC8001A1F14F80280DA1EA75C9A1EA65C5A1E38
:10FCD800A15CB3FBF5F205FB123212F0FF02C8D1AA
:10FCE800104A12F8079089EA0C09975D565C12F8D9
:10FCF80008104FEADC1202EB420202EBC202D2B257
:10FD080082EA4C025FFA82FCC846B6E7054A12F856
:10FD18000880D75D965D515CAFE7002093E700BF90
:10FD280001010100845D010892F8F0301BB370B541
:10FD380084B00E46154601466846FFF7F3FD0124D8
:10FD480009E06846FFF786FE05EB04116846FFF7F1
:10FD580048FE0134E4B295F8F030A342F1D8684681
:10FD6800FFF744FE05EB041269463046FFF7DAFD5B
:10FD7800002004B070BDFF207047000000230A2B4C
:10FD880016D810B40B4A146803EB03122244127EEF
:10FD9800824206D00133DBB20A2BF3D9032010BC10
:10FDA800704703EB031318331C440C600020F6E77C
:10FDB80003207047D41100202DE9F041CCB0529DAA
:10FDC800A9B3074616461C46884695B302A8FFF70E
:10FDD800D7FB01A92046FFF7D1FF044618B12046FA
:10FDE8004CB0BDE8F0810199013102A8FFF7D7FBBB
:10FDF80027B11022394602A8FFF7D8FB3246414600
:10FE080002A8FFF7D3FB02A948A8FFF73DFC9DF81D
:10FE180020319DF8212143EA02239DF8222143EA5B
:10FE280002439DF8232143EA02632B60D7E70224AB
:10FE3800D5E70224D3E7000040B108B5044A1060B2
:10FE4800D822044900F0C9FA002008BD02207047F2
:10FE5800D411002000E5030800230A2B16D810B49B
:10FE68000B4A146803EB03122244127E824206D026
:10FE78000133DBB20A2BF3D9032010BC704703EB24
:10FE8800031318331C440C600020F6E70320704766
:10FE9800D41100202DE9F04F99B0044617A9FFF7B7
:10FEA800DBFF0346002842D019B0BDE8F08F03EB12
:10FEB800430301EB83039B681393179B5A781492AF
:10FEC80099781591DA78197958799C79DD791E7ABB
:10FED8005F7A93F80AC093F80BE093F80C8093F8D4
:10FEE8000D9093F80EA093F80FB01B7C1093CDF8EB
:10FEF8003CB0CDF838A0CDF83490CDF83080CDF8AE
:10FF08002CE0CDF828C00997089607950694059027
:10FF18000491039215990291149A0192139B0093EC
:10FF2800094B00221146022002F010FCBCE70A2B04
:10FF3800BAD803EB4302054911F82220A242B6D0F1
:10FF48000133DBB2F3E700BF845E01081C600108DF
:10FF58000B2B0AD800B583B0DDF810C0CDF800C06F
:10FF6800FFF72AFF03B05DF804FB0320704790B148
:10FF780010B584B08C46144601460020039003AAAD
:10FF880000926246FFF718FF18B9039BA34200D0FE
:10FF9800012004B010BD022070472DE9F041BEB029
:10FFA80048B30D4614461E4607463BB311F00F0FE3
:10FFB80027D1F022002101A800F027FA694620463F
:10FFC800FFF7DCFE804618B140463EB0BDE8F08140
:10FFD80001AA102100980130FFF722FE444607E0ED
:10FFE80001AA31193819FFF79FFE1034E4B2103D09
:08FFF800002DF5D1E8E74FF000
:020000040801F1
:100000000208E5E74FF00208E2E74FF00508DFE7F6
:1000100030B585B0002938D08C4600230A2B30D863
:100020001B4A11681C4603EB03120A44127E8242EB
:1000300002D00133DBB2F1E70D280AD003EB031441
:100040001834081910226146013000F0CAF9002561
:1000500018E0002300930193029303936B460C2254
:1000600010216046FFF79DFF0546094B186804EB19
:1000700004141834204410226946013000F0B1F90C
:1000800000E00325284605B030BD0225FAE700BF91
:10009000D4110020D0B110B584B0144684460C2A87
:1000A00001D10B2914D100230093019302930393F0
:1000B0006B460A4610216046FFF773FF08B104B093
:1000C00010BD69462046FFF7A3FFF8E702207047FE
:1000D0000320F4E7F8B59DF81850079C089E5BB321
:1000E0001F465CB366B3212D2CD82A4619462046FC
:1000F00000F077F9631C0122691EB818FFF751FF61
:1001000010BBE37ADB093370611911F8042C11F884
:10011000030C42EA002211F8020C42EA004211F8F4
:10012000011C42EA01628BB90123291F2046FFF717
:1001300022FF40B1012006E0022004E0022002E09C
:10014000022000E00520F8BD0720FCE70420FAE7C4
:1001500040B108B501460822034B186800F041F988
:10016000002008BD02207047D411002038B108B526
:1001700008220449096800F034F9002008BD022073
:10018000704700BFD411002048B108B50146054BA7
:1001900018680822104400F024F9002008BD02204D
:1001A000704700BFD411002040B108B5044A11685F
:1001B0000822114400F015F9002008BD0220704704
:1001C000D4110020022804D0044B1B685961002080
:1001D0007047024B1B681961F9E700BFD41100207A
:1001E00069B1022805D0074A126852690A600020E6
:1001F0007047044A126812690A60002070470220A2
:10020000704700BFD411002030B585B005460C46BC
:100210000023019302A8FFF7A9FF01A90120FFF71E
:10022000DFFF95B10023072B08D803F110026A44C1
:1002300012F8082CAAB90133DBB2F4E7002323B982
:1002400002A8A84702A8FFF783FF3CB1019B2BB986
:1002500001A8A04701990120FFF7B4FF002005B0D5
:1002600030BD0123EBE70000F0B58FB00546002458
:1002700009940AA8FFF77AFF9DF828309DF82920F5
:100280009DF82A109DF82B009DF82C609DF82D708C
:100290009DF82EC09DF82FE0CDF81CE0CDF818C0D9
:1002A000059704960390029101920093204B2246F9
:1002B0002146022002F04EFA0CA8FFF775FF9DF8C8
:1002C00030309DF831209DF832109DF833009DF8B4
:1002D00034609DF835709DF836C09DF837E0CDF854
:1002E0001CE0CDF818C00597049603900291019286
:1002F0000093104B22462146022002F02BFA09A956
:100300002846FFF76DFF9DF827309DF826209DF8C1
:1003100025109DF824000390029101920093064B52
:1003200022462146022002F015FA0FB0F0BD00BFB0
:10033000E05E0108205F0108605F010808B5002049
:10034000FFF7ACFD0120FFF7A9FD0920FFF7A6FD8F
:100350000820FFF7A3FD0020FFF786FF002008BD5F
:1003600010B504460B20FFF799FD0C20FFF796FD12
:100370000920FFF793FD0820FFF790FD0A20FFF703
:100380008DFD2046FFF770FF002010BD094B1A6855
:10039000094943F2390001FB020018600323A3FB63
:1003A0000023C21A03EB52039B0FC3EBC373C01AA3
:1003B000704700BF240100206D4EC641014B1860FC
:1003C000704700BF2401002038B505460C46FFF7F2
:1003D000DDFF611B013190FBF1F301FB13002844A9
:1003E00038BD04E011F8012B00F8012B1A46531E0A
:1003F0009BB2002AF6D17047531E184404E011F84E
:10040000012B00F801291A46531E9BB2002AF6D18F
:10041000704702E000F8011B1A46531E9BB2002AE7
:10042000F8D17047F0B110B504464FF0000E4FF010
:10043000FF300EE040F3000C0B4A0CEA020282EAA5
:10044000500001339BB2072BF4D90EF1010E1FFAB5
:100450008EFE8E4504D214F80E3058400023F2E789
:10046000C04310BD002070472083B8ED01207047C5
:100470000A2807D8DFE800F0200B11171A1C1E0607
:10048000080E14000020704742F6B100704743F692
:100490000950704745F26110704747F612207047C7
:1004A0004AF2C32070474FF2244070470448704717
:1004B000044870470448704741F68460704700BFA5
:1004C00048E8010090D0030020A107009DF8041027
:1004D000D20053B908231A44183241B102239DF8BF
:1004E0000000184402EBC00070470023F3E700232C
:1004F000F5E770B59DF810409DF818500432A1F151
:10050000050CBCF1010F31D918B9A1F10B06012E70
:1005100034D901282ED000269DF814C04FEACC0C07
:1005200085B3102084448800ACEB810C64B34FF099
:10053000000EF444062904D90CF1080C0EB1881EF3
:100540008000BCF1000F22DB84440CF1FF3C9CFBDB
:10055000F0FC02FB0C3303F10C00062901D803F177
:100560000E00800001300239884070BD0B2BCBD8C3
:100570000C23C9E70C2903D00026CDE70126CBE7E1
:100580000126C9E70020CDE74FF0140ED1E74FF068
:10059000000CD9E7F0B585B00E4615461946BDF8F2
:1005A00028209DF82C309DF830709DF834C048B15B
:1005B000012812D0012500242C44601EB0FBF5F068
:1005C00005B0F0BDCDF804C000972846FFF77EFFC8
:1005D0004FF47A7303FB00F4EEE7CDF808C00197FF
:1005E000009313460A4629463046FFF782FF4FF430
:1005F0007A7303FB00F4034B985DFFF739FF054660
:10060000DAE700BF0C61010808B5054B4FF4005252
:100610009A62044B1B6813B15B6803B1984708BD2D
:10062000000400486412002008B5FFF7EDFF08BD84
:1006300008B5054B4FF480529A62044B1B6813B106
:10064000DB6803B1984708BD00040048641200202D
:1006500008B5FFF7EDFF08BD012070470120704786
:1006600008B5012804D00A4B5B7D012B08D008BDDA
:10067000084B19700648C1770E3001F063FDF6E7AC
:10068000044B1970024881750E3001F05BFDEEE7F6
:10069000081200202801002008B501F0F1F808BD7B
:1006A00008B501F0DDF808BD10B501F075FE04468F
:1006B0000E2140F61F1001F0D3F80121204601F071
:1006C00057FE01F09DFA10BD08B50121074B93F8C4
:1006D000560001F04DFE2D214FF4D760FFF7E0FFEB
:1006E00001F095FA024801F0CBF908BD081200208C
:1006F000FFFF0F0070B504460D4601EB4003094EA5
:10070000B36500231A464FF6FF71084601F04BFB14
:10071000002196F8560001F02BFE2946204601F0F4
:100720003FFA70BD0812002038B5044601F012FFF0
:10073000012819D000231A4640F26221084601F030
:1007400032FBA4B9114C0021A165114B4FF480522A
:100750009A6194F8560001F00BFE637883B16FF054
:100760007F4001F0FFF938BD01F0FCFEE9E7094DDB
:100770002146284602F012FD284602F0C9FCE1E7B6
:10078000024B9868800101F0EDF9ECE708120020B7
:1007900000040048D811002008B5002001F056F9E7
:1007A00008BD08B501F050F8052807D0072807D084
:1007B000042801D0002008BD0220FCE70120FAE750
:1007C0000320F8E730B583B000238DF8073000939D
:1007D000A54BB3F85430202B29D81AB2002A00F0C8
:1007E0004081013B1F2B00F23C81DFE813F06300E6
:1007F0007F003A01F7003A013A013A0127013A0134
:100800003A013A013A013A013A013A0134013A0116
:100810003A013A013A013A013A013A013A013A0100
:100820003A013A013A013A013A013A015501B3F568
:10083000807F00F0B38028D9B3F5007F40F01181AC
:100840008A4B01220021022001F084FF00F0FCFF0E
:10085000042800F0B08000F0F7FF052840F0018187
:10086000834B4FF480529A62824802F0F7FB0020DB
:1008700001F0ECF8804B1B68002B00F0F280DB6885
:10088000002B00F0EE809847EBE0402B00F01D813C
:10089000802B40F0E680002001F0D8F8764B1B68F2
:1008A000002B00F0DE809B69002B00F0DA80002036
:1008B0009847D6E06E4B4FF400529A626F4802F0B0
:1008C000CDFB002001F0C2F801F046FE01280AD05D
:1008D000694B1B68002B00F0C4801B68002B00F0E4
:1008E000C0809847BDE001F040FEF1E7604B4FF457
:1008F00080529A625F4802F0B1FB5B4B5B7803B3B6
:10090000FF220DF107015E4801F0DCFC5D4801F0BB
:10091000F3FC594B1B68002B00F0A3809C68002C53
:1009200000F09F80504B93F82430012B1DD14E4A8C
:1009300092F9313092F930209DF807105048A047C5
:100940008FE0002001F082F8002140F6021000F054
:1009500087FF40F6441000F093FF40F00201C9B257
:1009600040F6441000F07CFFCAE73F4C6946E06B5C
:1009700001F0A2FD404B1B689D68009B03F5FA73D4
:10098000414A82FB0312DB17C3EBA2135BB294F95B
:1009900029209DF807103A48A84762E0002001F09E
:1009A00055F8354B1B68002B5BD09B69002B58D04A
:1009B0000120984755E02E4B4FF400529A622F4881
:1009C00002F04CFB002001F041F82B4B1B68002B80
:1009D00047D05B68002B44D0984742E02B4B012264
:1009E0000021022001F0B6FE1F4B996DC9B3C1F37F
:1009F000074140F60310FFF753FE1B4C94F85910C3
:100A000040F60410FFF74CFE94F8581040F605101D
:100A1000FFF746FE40F60210FFF73EFE40F00101F0
:100A2000C9B240F60210FFF73BFE0022A265134652
:100A300040F26221084601F0B6F912E0144B01229F
:100A40000021022001F086FE01F084FD012808D17A
:100A500001F08CFD05E00F4B01220021022001F086
:100A600079FE03B030BD00BF08120020A06001086D
:100A700000040048D811002064120020F01100206A
:100A8000681200202C120020D34D6210B4600108BF
:100A9000C0600108CC600108174802F0DFFA174B6C
:100AA0005B7873B1164B1B68002BDAD0DB68002B28
:100AB000D7D09847134B01220021022001F04AFEB3
:100AC000CFE7002000F0C2FFECE70F4B012200212E
:100AD000022001F03FFE094B5B7843B1084B1B68D5
:100AE000002BBED01B69002BBBD09847B9E7002074
:100AF00000F0ACFFF2E700BFD81100200812002080
:100B000064120020D8600108E460010808B5034BB6
:100B1000A3F85400FFF756FE08BD00BF08120020DE
:100B200008B501F050FC033008BD08B500F026FF01
:100B300008BD08B500F0E0FE08BD08B501F092FB65
:100B400008BD000038B50D464FF47A7303FB02F47C
:100B500001F09CF9284601F01FFC05460E2140F6E5
:100B60001F1000F07DFE0121284601F001FC01F07C
:100B700047F8044D2146284602F010FB284602F0B3
:100B8000C7FA38BDF011002008B501F07FF908BDA3
:100B900008B50021074B93F8560001F0E9FB00234C
:100BA0001A464FF4C071084601F0FDF801F01CF838
:100BB00008BD00BF0812002038B5044601F0CAFC89
:100BC000012819D000231A4640F26221084601F09C
:100BD000EAF8A4B9114C0021A165114B4FF48052E1
:100BE0009A6194F8560001F0C3FB637883B16FF00B
:100BF0007F4000F067FF38BD01F0B4FCE9E7094D24
:100C00002146284602F0CAFA284602F081FAE1E7B6
:100C1000024B9868800100F055FFECE708120020B5
:100C200000040048D811002008B54FF0040000F07F
:100C3000EDFE0220F0F702FD08BD000070B582B0A5
:100C400005460C4600231A4640F20121084601F0F1
:100C5000AAF83F4B4FF400529A613E4E012196F89C
:100C6000560001F085FB3378012B03D196F8513003
:100C7000062B12D040F6890000F002FE40F004017D
:100C8000C9B240F6890000F0EBFD324B1B78032B14
:100C900018D8DFE803F0230D234F40F6890000F059
:100CA000EFFD00F0FB0140F6890000F0D9FDECE714
:100CB0002848C4770E3001F045FA00222146284624
:100CC00000F0F8FE244C234B5968204602F066FAE7
:100CD000204602F01DFA002002B070BD01F03AFC7F
:100CE00001280AD01B4884750E3001F02BFA00222F
:100CF0002146284600F0DEFEE4E70DF1070221461A
:100D0000284601F02CFC68B912489DF8073083751D
:100D10000E3001F017FA00229DF80710284600F067
:100D2000C9FECFE70D4B01220021022001F012FD88
:100D30000320D1E707480223837384760E3001F045
:100D400001FA00222146284600F0B4FEBAE700BFAF
:100D50000004004808120020F0110020F46001088F
:100D600008B500231A461946184601F01CF800F091
:100D7000C3FE08BD10B50446144B187001F0F7FB14
:100D8000012C10D0032C1AD034B1032001F0AAF8A2
:100D90000E4B00225A7310BD002001F0A3F80B4B3C
:100DA00000225A73F7E7012001F09CF8074B5A7BA9
:100DB000187B8242EFD0587300F0D2FAEBE70220A2
:100DC00001F090F8014B00225A73E4E7081200206A
:100DD0002DE9F04186B005460C4617461E46002117
:100DE0000491059101F0B5FB032D00F25481DFE879
:100DF00015F07900DB003E010400A27C082A00F215
:100E00005781A16804A801F0BBFD2368002B00F006
:100E1000528142F21072934223D8AD4B03229A734F
:100E200083F838202268DA63E27C83F844200225C4
:100E30006368DA00A64B1A8204229A74A27CD2005C
:100E4000DA7400221A75A37D022B18D0237D022BA1
:100E500015D0627D9E4BDA75A27D1A76227D5A7579
:100E600026E09B4B00259D7383F838502268DA6397
:100E7000E27C83F84420226892081A64D8E7627DF5
:100E800002F10F03DBB2012B01D9012A27D1019412
:100E900001238DF80C308F4A8F4B196801A801F09F
:100EA00055FBE0B98A4B00221A760121D9755A7593
:100EB000FFF772FC2846FFF75DFF884D284601F0DA
:100EC000B9F8A5F12A0001F03DF904A800F024FDCD
:100ED000208A00F0F8FCA08900F03BFDDBE04FF039
:100EE000FF30E2E02368002B00F0E880A27C082AB3
:100EF00000F2E780A16804A801F042FD744B0022D3
:100F000083F838202168D963E17C83F84410A16913
:100F100019649A736168C900198204219974A17CCB
:100F2000C900D9741A75A37D022B0AD0237D022B28
:100F300007D0627D664BDA75A27D1A76227D5A75DE
:100F400018E0627D02F10F03DBB2012B01D9012A07
:100F500027D101238DF80C3001945E4A5E4B19684D
:100F600001A801F0F3FAE0B9594B00221A760121E9
:100F7000D9755A75FFF710FC0020FFF7FBFE574D9F
:100F8000284601F057F8A5F12A0001F0DBF804A883
:100F900000F0C2FC208A00F096FCA08900F0D9FC89
:100FA00079E04FF0FF3080E0494B012283F8382090
:100FB000227883F85020627883F85120A27883F851
:100FC0005220E378012B33D0022B36D05BB3404D57
:100FD0004FF0010885F80E80A388AB83A379AB7727
:100FE000E37985F82030237A85F82130FFF7D4FBA8
:100FF0004046FFF7BFFE05F1380001F01BF805F190
:101000000E0001F09FF895F85130062B24D040F6E1
:10101000890000F035FC40F00401C9B240F68900B7
:1010200000F01EFC37E02A4B002283F85320CEE765
:10103000274B012283F85320C9E723780B3BDBB20F
:10104000012B04D9224B002283F85320BFE7204B09
:10105000012283F85320BAE740F6890000F010FC23
:1010600000F0FB0140F6890000F0FAFB13E0236872
:10107000013BB3F57A7F27D20320FFF77BFE1448AC
:10108000022380F8383023688364162380F84C30BC
:10109000383000F0CFFF384601F07EF90C4C84F870
:1010A000560001F05BFA6660002006B0BDE8F081F2
:1010B0004FF0FF30F9E74FF0FF30F6E74FF0FF3029
:1010C000F3E74FF0FF30F0E74FF0FF30EDE700BF00
:1010D00008120020F01100206412002040120020AD
:1010E0002DE9F04186B006460C4615461F46002302
:1010F0000493059301F02DFA05B10027003D18BFB8
:101100000125934B5D7036B1012E00F08F800020D9
:1011100006B0BDE8F081A368002B00F00D81E36804
:10112000002B00F00C81A27F082A00F20B812169BC
:1011300004A801F025FC2068003818BF012000F049
:101140006DFD834D002685F83860A368EB6394F845
:10115000203085F84430606801F096F985F8450044
:10116000AE73E368DB002B82E37FAB74A37FDB000D
:10117000EB7494F821302B7594F8223073B96169BF
:10118000A97594F82420022A12D0022B10D094F8CA
:1011900023006F49C8750A764B7523E0022B03D0F4
:1011A0006B4AFF219175ECE7694AFF219175E8E7E9
:1011B00094F8232002F10F03DBB2012B01D9012A9D
:1011C00031D100238DF80C300294624A624B1968C9
:1011D00001A801F0BBF930BB5D4B00221A7601215A
:1011E000D9755A75FFF7D8FA0020FFF7C3FD5B4D9C
:1011F000284600F01FFFA5F12A0000F0A3FF04A875
:1012000000F08AFBA08B00F05EFB208B00F0A1FBBE
:101210004FF4FA5307FB03F3A268B3FBF2F345F86C
:10122000303C002074E74FF0FF3071E7238E002B35
:1012300000F08B8094F83230012B55D04FF0FF082E
:10124000A06A003818BF012000F0E8FCF8B200F0F6
:10125000F2FC3F4B012283F8382094F82C2083F8CD
:10126000502094F82D2083F8512094F82E2083F8F4
:10127000522094F82F30012B3ED0022B41D0B3B333
:10128000334D0126AE73238EAB8394F83230AB77A7
:1012900085F81F8094F8343085F8203094F8353084
:1012A00085F82130FFF778FA3046FFF763FD05F146
:1012B000380000F0BFFE05F10E0000F043FF95F886
:1012C0002130B3422DD040F2367000F0D9FA40F010
:1012D0000401C9B240F2367000F0C2FA1C4B4FF65E
:1012E000FF729A60002013E794F81480A8E7184B67
:1012F000002283F85320C3E7154B012283F85320C3
:10130000BEE794F82C300B3BDBB2012B04D9104B19
:10131000002283F85320B3E70D4B012283F85320BA
:10132000AEE740F2367000F0ABFA00F0FB0140F29D
:10133000367000F095FAD1E74FF0FF30E8E64FF055
:10134000FF30E5E64FF0FF30E2E64FF0FF30DFE63A
:1013500008120020D8110020641200204012002042
:1013600010B504460E4B187358730120FFF702FDA9
:1013700054B134214FF4E86000F072FA442140F295
:10138000417000F06DFA10BD14214FF4E86000F0D8
:1013900067FA242140F2417000F062FAF3E700BFDF
:1013A000081200202DE9F04F83B004460E46174680
:1013B0001D46BDF838809DF83C909DF840A001F096
:1013C000C8F8ACB1012C5AD0304600F0E5FF554CBE
:1013D00084F856000E2140F61F1000F041FA94F8F0
:1013E000560001F0BBF8149B636003B0BDE8F08FBA
:1013F0004C4C4FF0000B84F838B00C9BE3630B238C
:1014000084F84430284601F03FF884F8450027640A
:1014100084F80EB04FEAC808A4F810800423A3741F
:101420001823E37484F814B089F0010984F8159046
:10143000BAF1000F1FD0F222E2753A4C0123237655
:10144000FFF7AAF90020FFF795FC04F1380000F03F
:10145000F1FD04F10E0000F075FE334A6B4692E890
:10146000030083E80300184600F056FA40F2FF102C
:1014700000F029FAA8E72B4B0122DA75DDE7294AAB
:10148000012382F838300C9BDBB282F850302749B8
:10149000495D82F851109DF8341082F852101DB940
:1014A0000C9A0B3A012A2CD9012D27D01D4A002174
:1014B00082F853101B4A01219173053BDBB28B422A
:1014C00024D9184BA3F81C80164C84F81E90184B96
:1014D0001B78E37784F820A09DF84C3084F8213005
:1014E000FFF75AF90120FFF745FC04F1380000F03E
:1014F000A1FD04F10E0000F025FE65E70C9A0C2A10
:10150000D4D1084A012182F85310D3E7B8F10B0F68
:1015100003D813460C229A83D6E7024BA3F81C800B
:10152000D2E700BF08120020D03A01080C61010880
:10153000280100202DE9F04F85B004460D461646DF
:101540000193BDF83C90BDF840A09DF844709DF813
:101550004CB09DF85C80734B83F8018000F0F9FF7C
:10156000B8F1000F01D04FF0000A4FB19DF84820AC
:101570006D4B1A7044B1012C57D005B0BDE8F08F07
:10158000694BFF221A70F5E7002000F047FB654C1D
:101590004FF0000884F83880E6630B2384F8443069
:1015A000284600F071FF84F8450084F80E804FEA69
:1015B000C909A4F810900423A3741823E37484F8D1
:1015C000148087F001076775574B1B78A375BBF133
:1015D000000F26D0F222E275524C01232376FFF74A
:1015E000DBF80020FFF7C6FB04F1380000F022FD15
:1015F00004F10E0000F0A6FD4C4A02AB92E8030095
:1016000083E80300184600F087F940F2FF1000F06D
:101610005AF94FF4FA5303FB0AF3B3FBF6F3A36052
:10162000ABE7404B0122DA75D6E7002000F0F6FA6E
:101630003C4A012382F83830F3B282F850303C49FA
:10164000495D82F85110019982F852101DB9A6F136
:101650000B02012A4BD9012D47D0324A002182F8D2
:101660005310304A01219173053BDBB28B4243D9C1
:101670002C4BA3F81C902B4CA7772B4B1B78E377B4
:1016800084F820B09DF8583084F82130FFF784F8B2
:101690000120FFF76FFB04F1380000F0CBFC04F1F0
:1016A0000E0000F04FFD5FFA8AF000F0C4FA40F639
:1016B000A30000F0E5F800F0010140F6A30000F0FF
:1016C000CFF894F82130012B21D040F2367000F091
:1016D000D7F840F00401C9B240F2367000F0C0F80B
:1016E000104B4FF6FF729A6047E70C2EB5D10D4AAA
:1016F000012182F85310B4E7B9F10B0F03D8134658
:101700000C229A83B7E7074BA3F81C90B3E740F28B
:10171000367000F0B5F800F0FB0140F2367000F0D2
:101720009FF8DDE70812002028010020D03A0108C8
:101730000C610108F0B58BB004460F4616461D46F5
:10174000FFF72AF80020FFF715FB2046FFF71CFAE9
:1017500001230993002408940794069405940494A3
:101760000394029403230193009723464FF41672C7
:1017700039462046FFF7DEFE2046FFF71DFAFFF749
:10178000CFF9EFF75BFF01F029FC0446204601F09A
:101790002FFCA84206D20020FFF7CFF9B042F5DDBA
:1017A000002400E00124FEF7F7FF20460BB0F0BD57
:1017B00070B582B01D4B18601D4D00246C706C60BC
:1017C000AC60AC651B4800F027FB6C732C7300F019
:1017D00053FA2146204600F027FD0422214601202D
:1017E00000F09AFB234622464FF6FF71084600F0B0
:1017F000DAFAFFF719FA104E0094104B22464FF018
:10180000FF31304601F0CCFB0D4D00940D4B2246CC
:101810004FF0FF31284601F0C3FB304601F01EFCBB
:10182000284601F01BFC02B070BD00BF641200200E
:10183000081200200D0B0108F011002029060108F4
:10184000D811002051060108014B1878704700BFDD
:1018500076130020014B1878704700BF75130020E5
:1018600000B583B08DF8071001230DF10702014682
:101870000248F5F7F9F903B05DF804FBF801002020
:1018800000B583B0014601230DF107020348F5F7C7
:101890003BFA9DF8070003B05DF804FBF801002057
:1018A00010B50446F2F738FB012800D010BD40F611
:1018B0002310FFF7E5FF00F0F901214340F6231064
:1018C000FFF7CEFFF2E710B50446FFF7C3FF00B104
:1018D00010BD4FF4D760FFF7D3FF00F0FE00C4F354
:1018E000002101434FF4D760FFF7BAFFE1B240F2A5
:1018F000B960FFF7B5FFEBE710B51346EFF31084BF
:1019000072B60A4601460348F5F7AEF984F310882B
:1019100010BD00BFF801002008B5014608224FF4B1
:10192000D860FFF7E9FF002008BD00B583B0030AC7
:101930008DF804308DF80500FFF78CFF10B103B06F
:101940005DF804FB022201A940F2BC60FFF7D4FF5E
:10195000F5E700B583B0030A8DF804308DF8050073
:10196000FFF778FF10B103B05DF804FB022201A974
:1019700040F2BE60FFF7C0FFF5E7000010B5134668
:10198000EFF3108472B60A4601460348F5F7BCF936
:1019900084F3108810BD00BFF801002010B5134675
:1019A000EFF3108472B60A4601460348F5F70AFBC6
:1019B00084F3108810BD00BFF801002008B50A4666
:1019C00001460020FFF7EAFF08BD000010B51346EE
:1019D000EFF3108472B60A4601460348F5F73CFB64
:1019E00084F3108810BD00BFF801002010B5134625
:1019F000EFF3108472B60A4601460348F5F7D8F9AA
:101A000084F3108810BD00BFF801002010B582B02B
:101A100004460020F2F774FA0220FFF741FF04F0B9
:101A2000040304F00202134304F0010423438DF87D
:101A3000073001220DF107018420FFF7D7FF024B89
:101A400000221A7002B010BD7613002000B583B0DA
:101A50008DF8070001220DF107018020FFF7C6FF76
:101A60009DF807302BB9054B01221A7003B05DF8C1
:101A700004FB024B02221A70F8E700BF7613002025
:101A800000B583B00A4B04221A70C0F307438DF8E7
:101A90000430C0F307238DF805308DF806000322CB
:101AA00001A98320FFF7A2FF03B05DF804FB00BF8C
:101AB0007613002010B51446FFF780FF2046FFF78D
:101AC000DFFF10BD00B583B00A4B05221A70C0F3CA
:101AD00007438DF80430C0F307238DF805308DF8E7
:101AE0000600032201A98220FFF780FF03B05DF802
:101AF00004FB00BF7613002070B582B0002601966B
:101B000040F6E200FFF7BCFE054600F0FE0140F69D
:101B1000E200FFF7A5FE40F6E500FFF7B1FE044640
:101B200000F07F0140F6E500FFF79AFE6FF07F407E
:101B3000FFF7C8FF04220DEB020140F61900FFF782
:101B40001DFF3046FFF782FF294640F6E200FFF70F
:101B500087FE214640F6E500FFF782FE019802B0BD
:101B600070BD000010B582B004460C4B05221A70FF
:101B7000972140F6AC00FFF773FEC4F307438DF8DE
:101B80000430C4F307238DF805308DF80640032296
:101B900001A98220FFF72AFF02B010BD76130020B2
:101BA00000B583B0C0F307438DF80030C0F30723BE
:101BB0008DF801308DF80200C1F307438DF8033032
:101BC000C1F307238DF804308DF80510062269460D
:101BD0009420FFF70BFF034B06221A7003B05DF849
:101BE00004FB00BF7613002008B500221146C52073
:101BF000FFF7FCFE014B07221A7008BD7613002088
:101C000008B500221146D120FFF7F0FE08BD08B547
:101C100000221146D220FFF7E9FE08BD00B583B0CF
:101C20008DF8070001220DF107019F20FFF7DEFE6E
:101C300003B05DF804FB00B583B08DF80700012206
:101C40000DF10701A020FFF7D1FE9DF807303F2BD3
:101C50000FD95B08002202E09B080132D2B21F2B91
:101C6000FAD8D900C9B21144C9B240F20670FFF7E0
:101C7000F7FD03B05DF804FB00B583B0F2F74CF953
:101C800001280BD000238DF8073001220DF1070148
:101C90009620FFF7ABFE03B05DF804FB01238DF83F
:101CA0000730F2E700B583B000F0400300F02002F7
:101CB000134300F01002134300F00802134300F036
:101CC0000402134300F00202134300F00100034337
:101CD0008DF8073001220DF107018920FFF786FEFC
:101CE00003B05DF804FB000000B583B01F4B9842C1
:101CF0000DD9E1238DF80430E9238DF80530022257
:101D000001A99820FFF772FE03B05DF804FB184BA1
:101D1000984206D9D7238DF80430DB238DF805309F
:101D2000EDE7144B984206D9C1238DF80430C52342
:101D30008DF80530E3E7104B984206D975238DF8EE
:101D4000043081238DF80530D9E70C4B984206D931
:101D50006B238DF804306F238DF80530CFE72923EE
:101D60008DF804302B238DF80530C8E700E9A43541
:101D700080F8A9328044E52D000B6B1B40FC541900
:101D800000B583B08DF804008DF805108DF806209D
:101D90008DF8073004220DEB02019520FFF726FE97
:101DA00003B05DF804FB00B583B04FEA102C8DF84A
:101DB00000C08DF80100080A8DF802008DF80310AC
:101DC000110A8DF804108DF805201A0A8DF80620E6
:101DD0008DF80730082269461046FFF707FE03B06A
:101DE0005DF804FB00B583B000F007008DF8040037
:101DF000C1F307438DF80530C1F307238DF8063092
:101E00008DF8071004220DEB02019720FFF7EEFD7D
:101E100003B05DF804FB000008B508B1184A106073
:101E2000EFF708FB0220FFF73BFD0020154B187071
:101E3000FFF70CFEF2F76CF8012814D0202140F6D1
:101E40001110FFF70DFD202140F61210FFF708FDDD
:101E50000E2140F61F10FFF703FDF2F74DF80A4B75
:101E600001221A7008BD4021FFF7BCFF002140F697
:101E70001110FFF7F5FC4FF07F00FFF713FFE7E7C6
:101E8000681300206C1300207613002010B582B078
:101E90000446124B1B78D3B1114A00236006E109B6
:101EA000EEF7ECFC030E8DF80430C0F307438DF819
:101EB0000530C0F307238DF806308DF807000422A3
:101EC0000DEB02018620FFF791FD02B010BDFFF778
:101ED0000BFF024B01221A70DEE700BF6C130020DB
:101EE0000048E80100B583B08DF80700C3B2094A85
:101EF000137043B101220DF107018A20FFF776FD2F
:101F000003B05DF804FB002140F2AC60FFF7A8FCD1
:101F1000F0E700BF7513002070B582B00C4616467E
:101F2000012835D040F6D800FFF7AAFC40F01E018A
:101F3000C9B240F6D800FFF793FC0120F1F7F0FF9B
:101F40000546844200DD44B2142D54D0112D5CD0DE
:101F50000E2D64D00123002207210420FFF710FF7B
:101F6000641B163465B215F1090F01DA6FF008052C
:101F7000382140F6E700FFF773FC8DF804508DF828
:101F80000560022201A98E20FFF730FD02B070BD6E
:101F90000020F1F7C5FF0546844200DD44B20E2D56
:101FA00015D00A2D1DD001231A4600210720FFF766
:101FB000E7FE651B0E356DB215F1110F01DA6FF0FA
:101FC0001005182140F6E700FFF74AFCD5E701238A
:101FD0001A4600210420FFF7D3FE651B0E356DB2B3
:101FE000EAE701231A4600211846FFF7C9FE651BE0
:101FF0000D356DB2E0E70123002205210320FFF734
:10200000BFFE651B16356DB2ADE70123002203212B
:102010000220FFF7B5FE651B16356DB2A3E701235D
:10202000002202210846FFF7ABFE651B0E356DB29C
:1020300099E7000010B582B004463E4B93E80300D8
:1020400002AB03E9030020783B4B1B78984206D192
:102050002378032B2CD8DFE803F005422D54FFF73B
:1020600041FFF5E76268354BB3FBF2F31A0C8DF8CC
:1020700000201A0A8DF801208DF80230237B8DF89C
:102080000330637B8DF80430A1682D4A0023480695
:10209000C909EEF7F3FB030C8DF80530030A8DF840
:1020A00006308DF80700082269468B20FFF79EFC5A
:1020B00002B010BD2269214BB3FBF2F31A0C8DF86C
:1020C00000201A0A8DF801208DF80230237D8DF84A
:1020D0000330042269468B20FFF788FCE8E7237E63
:1020E0008DF80030637E8DF80130A37E8DF80230CC
:1020F000E37E8DF80330042269468B20FFF776FCDF
:10210000D6E762680D4BB3FBF2F31A0C8DF8002092
:102110001A0A8DF801208DF80230237B8DF80330E8
:10212000637B8DF80430052269468B20FFF75EFC47
:10213000BEE700BFD83A0108751300200000093D32
:102140000048E80110B584B0044601AB334A07CA21
:1021500003C31A702078324B1B78984206D123783B
:10216000032B2AD8DFE803F005443F05FFF7BAFE4A
:10217000F5E7637AF12B22D0F22B2AD06288110A7C
:102180008DF804108DF8052022798DF806206279EB
:102190008DF80720A2798DF80820E2798DF80920C2
:1021A000227A8DF80A208DF80B30A37A8DF80C3046
:1021B000092201A98C20FFF719FC04B010BD4FF6CD
:1021C000FF70FFF7B2FB48F20500FFF7C2FB0223E6
:1021D000D4E741F60F50FFF7A8FB41F22100FFF7CB
:1021E000B8FB0623CAE7237B8DF804300122E0E721
:1021F000E3891A0A8DF804208DF80530237C094AFA
:1022000013708DF80630637C8DF80730A37C8DF851
:102210000830E37C8DF809300622CAE7E03A01086D
:10222000751300207413002000B583B08DF80400EE
:102230008DF80510022201A98F20FFF7D7FB03B00C
:102240005DF804FB10B51346EFF3108472B60A462E
:1022500001460348F4F702FE84F3108810BD00BF66
:10226000F801002000B583B0012201A91520FFF775
:10227000E9FF9DF804004042401003B05DF804FB04
:1022800030B583B005460C46022201A91320FFF7A2
:10229000D9FFFFF7DFFA012807D09DF804302B7033
:1022A0009DF80530237003B030BD054B1B78DBB2C1
:1022B000012BF2D140F20270FFF7E2FA2870EFE74B
:1022C0007413002070B582B006460C4615460023F4
:1022D0008DF807300DF107012046FFF7D1FF227876
:1022E000AA4202D9012002B070BD31469DF8070014
:1022F000FFF76CFB0020F6E710B582B0044603221E
:1023000001A91420FFF79EFFFFF7A4FA207048B13F
:10231000012818D014220021204600F03CFB0F2396
:1023200023700EE09DF8043023719DF805305B4268
:102330005B10A3719DF806305B425B106371002354
:10234000A36002B010BD9DF804305B425B102373A4
:102350009DF9053002339B1063739DF806305B4294
:102360005B10A373014B1B682361EAE77013002025
:1023700010B5012903D00120F1F7C2FD10BD0446BC
:102380000846012C03D0022CF6D10320F4E70420E8
:10239000FFF786FA0220F6E738B50446F1F7B4FDF8
:1023A00048B102280DD10225022221462846FFF716
:1023B000B3FD284638BD0F2C01DC0125F4E70225CA
:1023C000F2E70125F0E701207047000008B5024B55
:1023D0001B680120984708BD6813002008B5024B10
:1023E0001B680220984708BD6813002008B5024BFF
:1023F0001B684020984708BD6813002008B511B13C
:10240000012905D008BD054B1B6880209847F9E7D6
:10241000024B1B684FF480709847F3E76813002065
:1024200008B5034B1B684FF40070984708BD00BF08
:102430006813002008B5024B1B682020984708BD90
:102440006813002008B5024B1B680420984708BD9C
:102450006813002008B5024B1B680820984708BD88
:102460006813002008B5024B1B681020984708BD70
:102470006813002008B5034B1B684FF48040984751
:1024800008BD00BF68130020014680B10023152B52
:102490000CD8084A52F833208A4202D80133DBB202
:1024A000F5E7044A02EBC30318797047FEE71F20E3
:1024B000704700BF9C61010870B582B005460C46AC
:1024C0001D4B019340F60700FFF7DAF9C0F3C10393
:1024D00008336B4413F8042C00F00703013302FAAD
:1024E00003F3164AB2FBF3F2B2FBF5F0072821D949
:1024F000012303FB00F0032800D8042302FB03F5AB
:102500004FF4D660FFF7BCF9060206F4706640F29D
:10251000B160FFF7B5F9304310F4006F03D06FEAF4
:1025200000506FEA10506B0903FB00F0C0112060EF
:1025300002B070BD0223DCE704080A0C0048E80181
:102540004FF0FF3070474FF0FF3070474FF0FF30D3
:1025500070477047002070470020704770474FF069
:10256000FF3070474FF0FF3070477047704770473B
:1025700010B5EFF3108C72B61E4BB3F812E01A8A46
:10258000964511D0964521D9CEF500639BB2834282
:102590001FD882421DD9174B01249C70A3F800E07C
:1025A00000245C82134614E0CEF500639BB298428F
:1025B0000FD382420DD90F4B01249C70A3F800E089
:1025C0004FF0000EA3F812E0134602E0A2EB0E0259
:1025D00093B283420AD9074A538A0B800344C3F358
:1025E0000A03538200208CF3108810BD4FF0FF3097
:1025F000F9E700BF781F0020EFF3108172B6034A9D
:10260000D38A0133D38281F310887047781F00206A
:10261000EFF3108172B6034AD38A013BD38281F370
:1026200010887047781F0020024BD88A003818BFE6
:1026300001207047781F002008B5182200210748A4
:1026400000F0A9F94FF400620021054800F0A3F959
:10265000044B1B680448984708BD00BF781F002042
:1026600078170020603B01081D280108044B5A8A96
:102670001B8A9A4201D0002070470120704700BF9A
:10268000781F002008B5024B9B68984708BD00BF23
:10269000603B0108014B5860704700BF781F002065
:1026A000014B1872704700BF781F0020014B187A49
:1026B000704700BF781F002070B5EFF310831C46F1
:1026C00072B6FFF7B1FF18B184F31088002070BD17
:1026D000FFF792FF1C4B1A8A5B8A9A422ED01A4946
:1026E0008978012917D0184A927832B9164A128A85
:1026F00093421ED99B1A144A9382134E358A134B68
:102700001D4484F31088EEF77FFF114BDB68B18A1C
:1027100028469847DBE70C4801888A1A92B28282E1
:102720000221817000210180002ADCD181700182A8
:10273000D9E7C2F50062044B9A82DEE7FFF768FF33
:1027400084F310880020C2E7781F0020781700204B
:10275000603B010808B430B586B0099C0023ADF891
:1027600002302B4B1B7A83424CD3294BDB689943B5
:102770004BD1274B5B6823B11AB10DF1020101A8BF
:1027800098470AAB059322464FF48061214800F038
:10279000ADFF85B2FFF730FFBDF80230E81869469B
:1027A00080B2FFF7E5FEB0F1FF3F26D000230DE039
:1027B000BDF8002003F11801694411F8140C164902
:1027C00088540132ADF8002001339BB2BDF80220DD
:1027D0009A42EDD8BDF80000059B22464FF4806177
:1027E0000D4C204400F082FFFFF712FFFFF764FF5B
:1027F00006B0BDE8304001B07047FFF709FF6FF049
:102800000200F5E76FF00400F2E76FF00500EFE774
:10281000781F0020781300207817002010B5EFF300
:102820001083194672B6264B9B78022B16D0244A89
:10283000138A908A0344C3F30A031382204B1A8A33
:102840005B8A9A4203D01E48C08A01280BD081F3CC
:102850001088EEF7DFFEFFF7DBFE10BD184B0022FD
:102860009A701A82EAE716488078012814D0144A30
:10287000927832B9124A128A93421BD99B1A104A93
:1028800093820F4B188A0F4A104481F310880E4A26
:10289000D268998A9047E0E7094C2088821A92B260
:1028A000A2820220A07000202080002ADFD1A07028
:1028B0002082DCE7C2F50062014B9A82E1E700BFAB
:1028C000781F002078170020603B01080023024A8F
:1028D0001360024A13607047941F0020901F00206D
:1028E000EFF3108372B641B1012903D106490A689A
:1028F00002430A6083F31088704703490A6822EA9A
:1029000000020A60F6E700BF941F0020EFF3108377
:1029100072B641B1012903D106490A6802430A602F
:1029200083F31088704703490A6822EA00020A60AC
:10293000F6E700BF901F002038B5EFF3108472B6A1
:102940000C4B1B683BB10C4D2B6898476B68984744
:1029500084F3108838BD094B1B682BB1064DAB685A
:102960009847EB689847F3E7034D2B6998476B69E5
:102970009847EDE7941F0020FC3A0108901F0020C3
:1029800004E011F8012B00F8012B1A46531E9BB2EC
:10299000002AF6D1704702E000F8011B1A46531EC8
:1029A0009BB2002AF8D17047EFF3108C72B6064A3A
:1029B000136803431360054A52F83130034342F869
:1029C00031308CF310887047BC1F0020981F002006
:1029D000EFF3108172B6034A13681843106081F355
:1029E00010887047B81F002070477047B0F5803FCF
:1029F00016D200041023B0F1807F02D20833DBB27C
:102A00000002B0F1805F02D20433DBB20001000F9C
:102A1000044A105C1844C0B2C0F11F00C0B2704735
:102A20000023E8E74C62010870B5424B1C68204067
:102A30001860414B1A68414B1B684149086841497D
:102A400009682FE0013334E03F4D05EBC3056868AA
:102A50001040FFF7CBFF3D4E30606A68012303FA58
:102A600000F022EA00026A60EFF3108172B6326869
:102A700003FA02F2D643304D286820EA02022A60A7
:102A8000002B2DD181F31088304B1A68304B53F84E
:102A900022309847284B1A68284B1B682849086839
:102AA000284909680240234D2D682A4220D00B4056
:102AB0001ED1254A52F8332002402A42C2D0224970
:102AC00051F8332002402A4001EBC301496811420A
:102AD000BAD11D4901EBC3014FF0FF304860B3E7A5
:102AE000013B194850F83320324040F83320C7E703
:102AF000164B4FF0FF321A60FFF776FFEFF31085A9
:102B000072B60D4B1B680D4A11680D4A12681340CE
:102B1000084A1268134203D10A4B1B680B4206D0C5
:102B200085F31088FFF761FF024B1C6070BDEEF764
:102B3000F7FCF5E72C010020BC1F0020B81F002087
:102B400030010020B41F0020981F0020B01F00207B
:102B5000A01F002008B5C043FFF766FF08BD0000B6
:102B6000F8B50446114B1E68B6F1FF3F05D00125AC
:102B7000B5400F4B1F681C6005E00025F9E72146B2
:102B80002846FFF7E7FF0B4B1B682342F7D0074BA4
:102B90001E60EFF3108172B6064A136823EA04033D
:102BA000136081F31088024B1F60F8BDB01F002036
:102BB000B41F0020B81F002038B51446EFF310856D
:102BC00072B6FFF713FF034B43F8204085F31088DC
:102BD00038BD00BFA01F002030B4430C03EB90436E
:102BE000002406E01C440A4D05FB1300430C03EBD4
:102BF0009043002BF6D1074B984204D90134A0F53D
:102C0000A830A0F5C07010600C6030BC704700BFE9
:102C1000805101007F51010002460B4B00FB03F382
:102C20009B0D002009E01844C3EB031103EB810363
:102C3000D21A054B02FB03F39B0D002BF3D13C2A68
:102C400000D90130704700BF970C010008B511F0A2
:102C5000030F13D13B2807D9D42809D83C384000AA
:102C6000FFF7DAFF023008BD4000FFF7D5FFFAE7B3
:102C7000D5384000FFF7D0FF0730F4E73A2807D9EE
:102C8000D32809D83B384000FFF7C6FF0230EAE7F7
:102C90004000FFF7C1FFE6E7D4384000FFF7BCFF74
:102CA0000730E0E710B444F2444300FB03F31B0D8C
:102CB000002409E01C44C3EB0313A0EB830044F29F
:102CC000444300FB03F31B0D002BF3D13B2801D938
:102CD00001343C3810600C6010BC704782B082B088
:102CE0000DF1080C0CE906000393002202608280BB
:102CF0000B440360BDF80420BDF810100A4491B2E3
:102D000012B28280B2F57A7F04DB01330360A1F551
:102D10007A71818002B002B0704782B082B00DF14A
:102D2000080C0CE906000393002202608280CB1A93
:102D30000360BDF80420BDF81010521A91B212B20F
:102D40008280002A02DB02B002B07047013B0360C0
:102D500001F57A718180F6E730B589B002AC84E87C
:102D6000030000230493ADF814300B4D2B6905A824
:102D7000984703460490059A009294E8060006A836
:102D8000FFF7CBFF2B6806989847AB68BDF91C008E
:102D9000984709B030BD00BF203B010830B587B06F
:102DA000044600230493ADF81430036083800B4D78
:102DB0002B6905A898470490EB689847ADF80C007C
:102DC0006B6898470290059B0093049B02AA06CA71
:102DD0002046FFF783FF204607B030BD203B0108A7
:102DE00030B583B0044600230093ADF80430064BA1
:102DF0001B696D4601A89847009095E8030084E898
:102E00000300204603B030BD203B010830B589B037
:102E100002AC84E803000C4DEB689847ADF81C0049
:102E20006B68984703460690079A009294E806005C
:102E300004A8FFF772FFBDF91430049A4FF47A70BA
:102E400000FB023009B030BD203B010830B587B02F
:102E50000446124BA3FB01239B090493C3EB4312CB
:102E600003EB8203A1EBC301ADF81410002302931E
:102E700003930B4DEB689847ADF80C006B689847CF
:102E800003460290039A009206AA12E90600204621
:102E9000FFF724FF204607B030BD00BFD34D6210BE
:102EA000203B010870B58AB004460D46324B0FCB6B
:102EB0000AAE06E90F0005AA03A930482044FFF72F
:102EC0008BFE01AA04A90598FFF7ECFE9DF80430DB
:102ED0002B6001AA02A90498FFF7E4FE9DF80430D4
:102EE0006B609DF80830AB60039E254B45F6DE0411
:102EF00003FB0644640E6C6140F2B55304FB03F31C
:102F00000333A6EB93060396EE6121463046FFF7A6
:102F10009DFE0246286104EB840303339B100133BA
:102F20003344184903FB0111490DC1EBC1015B1A80
:102F3000AB61614204F0030301F0030158BF4B424F
:102F40000AA901EB830353F8100C5300D84000F09A
:102F50000300C2EB021302EB83020132A0EB62001A
:102F6000304403900130E86044346C614FF0FF332B
:102F70002B620AB070BD00BFEC3A010880B8C303F1
:102F8000DB6601004992040008B5034B00221A6079
:102F9000024B1B68984708BDC01F0020343B010846
:102FA000A8B1F8B517461E46044693B10025056042
:102FB000094B5B6A08469847606025726572A57286
:102FC000E660069B2361E77265612846F8BD012033
:102FD00070470120FAE700BF343B010810B5034CED
:102FE000E3699847A36A984710BD00BF343B0108C6
:102FF00070B50646054DEB69984704466B6A304646
:103000009847AB6A201A984770BD00BF343B01084F
:10301000054B1B6800E05B691BB18342FBD10120BB
:1030200070470020704700BFC01F0020F8B504465D
:10303000094E336A98470546012323722768B6690B
:10304000B0472844874202D2B04728442060024B50
:103050009B6820689847F8BD343B010868B310B5F9
:103060000246EFF3108472B6154B19680123837280
:10307000E1B100234372884206D00B46B3B19342BC
:1030800011D019465B69F9E70B72486920B10C4B06
:103090001860FFF7CBFF09E00A4BDB689847084B45
:1030A00000221A6002E05B6923B14B6184F310884F
:1030B000002010BD00234B61F8E70120704700BFDE
:1030C000C01F0020343B0108094B1A68536901E016
:1030D0001A465B69516939B11968D0F800C08C454E
:1030E000F6D85061436170475061002343617047D7
:1030F000C01F002008B5054B1B680BB100221A72D7
:103100004361024B1860FFF791FF08BDC01F00200C
:10311000F8B5002836D00446FFF77AFF002834D1EE
:10312000657A002D33D1EFF3108672B66768194BBC
:103130001B6A9847874200D33846206000232372D9
:1031400001226272A372144B1B6883B1114B9B69FD
:1031500098472368184420600F4B1B681B689842EF
:103160000CD22046FFF7C6FF86F310880BE0094B10
:103170001B6998472046FFF7BDFFF5E72046FFF79C
:10318000A3FFF1E701252846F8BD0125FBE701254E
:10319000F9E700BF343B0108C01F002098B110B50B
:1031A00004460A4B5B6A0846984760602046FFF772
:1031B0002FFF08B9002010BD2046FFF74FFF204623
:1031C000FFF7A6FFF7E70120704700BF343B010877
:1031D00070B5EFF3108572B61E4C636998470646CA
:1031E00023699847841B1C4B1B6823B918E00022F5
:1031F0001A605B69A3B11A68A242F8D9311A0A446D
:103200001A60F6E7144B1C6862691A600023237287
:103210006372E368206998476389B3F5807F12D0B1
:103220000D4B1B683BB11C68002CEBD0094B9B6914
:1032300098478442E6D3084B186808B1037A33B143
:1032400085F3108870BD2046FFF762FFE8E7FFF7BF
:10325000EDFEF5E7343B0108C01F00202DE9F04FDB
:10326000ADF5057D05460C460192ECF785FF8446D9
:103270004FF0000E7046214611F8012B42B1252A6D
:103280000AD0BCF1000F40F37F812B78934243D0EA
:103290000DF5057DBDE8F08F002637460C4614F885
:1032A000013B1A46782B50D8442B1FD3443B342B78
:1032B0004BD8DFE803F0454A4A4A4A4A4A4A4A4A52
:1032C0004A4A4A4A4A4A4A4A4A4A654A4A4A4A4A43
:1032D0004A4A4A4A4A4A6B4A4A4A364A4A4A414A4A
:1032E0004A4A4A4A4A4A4A5F4A4A6500252B11D04F
:1032F0000CD9A3F13001C9B2092926D807EB8707F9
:1033000003EB4703A3F130072146C7E7EBB94FF0C2
:10331000FF30BDE72146B4E70CF1FF3C01350C4618
:10332000A9E72378682B03D046F004062146B5E7C9
:10333000023146F00806B1E746F001062146ADE746
:1033400046F001064FF00A0E0322BCF1000F40F3D5
:103350001B81032A8FD1013FB7F5007F01D340F2D3
:10336000FF17013746F4A0464FF000094B46CA4606
:1033700003AA58E046F400664FF00A0E0322E4E781
:1033800046F400664FF0100E0322DEE74FF00A0EFF
:103390000322DAE726F4A046AEFB03310EFB0A1146
:1033A00018EB030341F10001303B41F1FF3A30E0FB
:1033B000BEF10A0F40F3BC8026F4A046AEFB0331F9
:1033C0000EFB0A1118EB030341F10001373B41F1F9
:1033D000FF3A1EE0BEF10A0F40F3AA8026F4A04691
:1033E000AEFB03310EFB0A1118EB030341F10001A0
:1033F000573B41F1FF3A0CE016F4005F01D14FF06A
:10340000010916F4805F00F0938026F4805646F49C
:10341000005602F8018B0CF1FF3CBCF1000F40F3A9
:1034200087800135013F002F00F0828095F80080F1
:10343000A8F12B013B297BD80FF2040B5BF821F09C
:103440000334010831350108F93301083135010829
:10345000313501089533010895330108953301088A
:103460009533010895330108953301089533010818
:10347000953301089533010895330108313501086A
:103480003135010831350108313501083135010880
:103490003135010831350108B1330108B133010874
:1034A000B1330108B1330108B1330108B133010868
:1034B0003135010831350108313501083135010850
:1034C0003135010831350108313501083135010840
:1034D0003135010831350108313501083135010830
:1034E0003135010831350108313501083135010820
:1034F0003135010831350108313501083135010810
:1035000031350108313501083135010831350108FF
:103510003135010831350108D5330108D5330108AB
:10352000D5330108D5330108D5330108D533010857
:1035300016F4804F7FF4ACAE00211170B9F1000F8A
:1035400000D05B4216F0010F06D0019A111D0191C7
:103550001268136001308EE616F0040F05D0019A50
:10356000111D019112681380F4E716F0080F05D0C1
:10357000019A111D019112681370EBE7019A111D58
:10358000019112681360E5E700287FF481AE4FF0E7
:10359000FF307DE60EB400B582B003AA52F8041BDA
:1035A0000192FFF75BFE02B05DF804EB03B07047D9
:1035B0000146002008E000EB8000531C0B601378EC
:1035C00003EB4003A3F130000A681378303BDBB211
:1035D000092BF0D9704700002DE9F04593B01B9DF1
:1035E0001C9E16F0400F10D1DFF8F8A09F1E222F6E
:1035F00075D816F001040BD04FF0300E16F0020F04
:103600000FD0002A07DB00270CE0DFF8DCA0EDE795
:103610004FF0200EF2E752421A9E013E1A962D27D5
:1036200000E000275ABB30238DF804304FF0010C26
:10363000AC4500DD65461A9B5B1B1CB31FB100F84F
:10364000017B013907D0002B03F1FF3324DD00F8A3
:1036500001EB0139F7D113B0BDE8F085B2FBF3F609
:1036600003FB16221AF802800CF148026A4402F8A1
:10367000448C32460CF1010C002AEFD1D8E74FF010
:10368000000CF9E7002B03F1FF33D7DD202200F80F
:10369000012B0139F6D1DEE7654505F1FF3505DD82
:1036A000302200F8012B0139F6D1D4E76246002A16
:1036B0000CF1FF3C09DD0CF148026A4412F8442C7D
:1036C00000F8012B0139F1D1C5E7002B03F1FF33DD
:1036D000C1DD202200F8012B0139F6D1BBE7002023
:1036E000B9E700BF5C620108846201082DE9F0437C
:1036F00087B0059204930F1E40F3B8800646044637
:1037000004E004F8012B059B0133059305990A7821
:1037100022B9A31B781E8342C0F2A280A31B07F12B
:10372000FF38434580F29C80252AEAD14B1C059343
:103730004B78302B20D04FF00009303BDBB2092B07
:103740001DD94FF0FF35059B1A78A2F15803202BA5
:1037500067D8DFE803F04A66666666666666666690
:10376000661E626666666662666666666666666649
:103770006628661966667C004FF00109DDE705A83A
:10378000FFF716FF0546DEE70A2331E0202304F8A1
:10379000013B013D002DF9DC049B1A1D04921B78AE
:1037A00004F8013BAFE7049B1A1D0492D3F8008094
:1037B000B8F1000F03D04046ECF7DEFC06E0DFF87E
:1037C000B080F8E7202204F8012B1D466B1E8542CD
:1037D000F8DC002206E0434613F8011B04F8011B45
:1037E000013298468242F6DB8DE749F0400910230A
:1037F00019F0020F2FD0049A111D04911268A11B19
:10380000CDF808904FF0FF3001900095A8EB010132
:103810002046FFF7E1FE044675E749F002090A2356
:10382000E6E7252A02D0252304F8013BA31B98458F
:103830000FDD059B1A783AB104F8012BA31B9845BC
:103840003FF761AF0A23D3E7013B0593F6E7102367
:10385000CEE70A23CCE7049A111D04911268CEE743
:1038600000232370A01B07B0BDE8F0830020FAE717
:10387000AC62010802440346934200D1704703F84A
:10388000011BF9E710B56AB10139841810F8012B52
:1038900011F8013F9A4203D1A04201D0002AF5D18C
:1038A000D01A10BD1046FCE770B50D4D0D4C641BD1
:1038B000A4100026A64209D10B4D0C4C00F098F83C
:1038C000641BA4100026A64205D170BD55F8043B28
:1038D00098470136EEE755F8043B98470136F2E782
:1038E000C0620108C0620108C0620108C462010828
:1038F0002DE9F041C1F30A57A7F2FF36132E024615
:103900000B460C460546804635DC002E17DA34A3FC
:10391000D3E90023ECF73EFC00220023ECF76EFE17
:1039200050B1002C57DA24F000442C430025AC425F
:103930002D4C08BF4FF0004423462A4624E02B4F6D
:10394000374101EA070C5CEA000C1DD024A3D3E93F
:103950000023ECF71FFC00220023ECF74FFE0028A9
:10396000EAD0002CBEBF4FF480133341E41824EAA0
:1039700007040025E0E7332E0ADDB6F5806F03D19A
:10398000ECF708FC02460B4610461946BDE8F081EC
:10399000A7F213474FF0FF3C2CFA07F70742F3D08A
:1039A0000FA3D3E90023ECF7F5FB00220023ECF78B
:1039B00025FE0028C0D0002C0ADA142E01D10134D3
:1039C00006E0C6F134060123B3401D444545F6D355
:1039D00025EA0705B0E700252C46ADE7AFF30080E8
:1039E0009C7500883CE4377E0000F0BFFFFF0F00AD
:1039F000F8B500BFF8BC08BC9E467047F8B500BFDC
:083A0000F8BC08BC9E467047AB
:103A0800AC430108B0430108B4430108B8430108B6
:103A1800C0430108C4430108000000005C430108DA
:103A2800644301086C430108744301087C4301089E
:103A3800844301088C430108944301089C4301080E
:103A4800A4430108841E0000093D0000127A00000A
:103A580024F4000048E8010090D0030020A10700EA
:103A6800C194C100000000001200240030000000D2
:103A780006000C001000000000000000010000001B
:103A8800020000000000000088130000102700005A
:103A9800204E000030750000409C000050C300001C
:103AA80060EA0000C0D4010080A9030000530700A9
:103AB80000EA0637000000005000000040F7093710
:103AC8000000000050000000C194C1000000000088
:103AD80000000000000000000000000000000000DE
:103AE8000000000050554400A0AA9900A0AA99001F
:103AF800A0AA9900C1130008AD1300089513000887
:103B0800B513000891130008931300082564732562
:103B18003033643A0000000019180008D91800086A
:103B28002D180008E9180008A1180008D117000886
:103B3800000000004118000895170008D916000871
:103B4800FD160008091700082D170008551700086A
:103B5800591700086D170008D91A0008011B00083A
:103B6800411B00082D1B00084150504C494341544B
:103B7800494F4E5F56455253494F4E3A20562558A5
:103B88002E25582E25580D0A000000004D575F4C71
:103B98004F524157414E5F56455253494F4E3A2076
:103BA800205625582E25582E25580D0A00000000AD
:103BB8004D575F524144494F5F56455253494F4E06
:103BC8003A202020205625582E25582E25580D0AF3
:103BD800000000004C325F535045435F5645525336
:103BE800494F4E3A20202020205625582E25582E61
:103BF80025580D0A0000000052505F535045435F9E
:103C080056455253494F4E3A2020202020562558D9
:103C18002D25582E25582E25580D0A004154746517
:103C28006E74696F6E20636F6D6D616E6420696E6E
:103C3800746572666163650D0A00000041543F2097
:103C4800746F206C69737420616C6C206176616993
:103C58006C61626C652066756E6374696F6E730D56
:103C68000A00000025750D0A0000000025303258B2
:103C78003A253032583A253032583A253032583AB7
:103C8800253032583A253032583A253032583A25BC
:103C98003032583A253032583A253032583A2530A1
:103CA80032583A253032583A253032583A2530328F
:103CB800583A253032583A253032580D0A0000005B
:103CC80025640D0A00000000256868783A256868B0
:103CD800783A256868783A256868783A256868786F
:103CE8003A256868783A256868783A256868783A9D
:103CF800256868783A256868783A256868783A25A2
:103D08006868783A256868783A256868783A25684E
:103D180068783A25686878002B4556543A4A4F49DE
:103D28004E45440D0A0000002B4556543A4A4F4967
:103D38004E204641494C45440D0A00002B45565437
:103D48003A25643A253032583A0000002530325876
:103D5800000000002B4556543A52585F25732C201A
:103D6800504F52542025642C2044522025642C2086
:103D7800525353492025642C20534E522025640069
:103D88002C20444D4F444D2025642C2047574E206D
:103D9800256400002B4556543A53454E445F434F23
:103DA8004E4649524D45440D0A0000002B455654D5
:103DB8003A5357495443485F544F5F434C41535318
:103DC8005F25630D0A000000414243002B4556540D
:103DD8003A424541434F4E5F4C4F53540D0A000041
:103DE8002B4556543A52585F42432C2044522025C2
:103DF800642C20525353492025642C20534E5220C2
:103E080025642C2046512025642C2054494D4520FA
:103E180025642C20444553432025642C20494E46D4
:103E28004F202530325825303258253032582C252D
:103E380030325825303258253032580D0A000000EB
:103E48002B4556543A424541434F4E5F4E4F545FBF
:103E580052454345495645440D0A00004E564D20EB
:103E6800444154412053544F5245440D0A00000028
:103E78004E564D204441544120524553544F5245CB
:103E8800440D0A002575000041542B564C3A207603
:103E98006572626F7365206C6576656C2069732046
:103EA8006E6F742077656C6C207365740D0A000062
:103EB80041542B564C3A20766572626F7365206CBC
:103EC8006576656C206F7574206F662072616E6709
:103ED80065203D3E203028564C4556454C5F4F46A0
:103EE800462920746F203328564C4556454C5F4868
:103EF800290D0A004C54494D453A2530326468254D
:103F08003032646D2530326473206F6E2025303274
:103F1800642F253032642F253034640D0A000000E8
:103F28004E564D204441544120555020544F204472
:103F38004154450D0A0000004E564D20444154415D
:103F48002053544F5245204641494C45440D0A00E0
:103F580025753A0041542B53454E442077697468BF
:103F68006F757420746865206170706C6963617422
:103F7800696F6E20706F72740D0A000041542B53E4
:103F8800454E44206D697373696E67203A206368F3
:103F98006172616374657220616674657220617014
:103FA8007020706F72740D0A0000000041542B538A
:103FB800454E4420776974686F757420746865206D
:103FC80061636B6E6F776C6564676520666C6167AB
:103FD8000D0A000041542B53454E44206D697373FC
:103FE800696E67203A206368617261637465722044
:103FF80061667465722061636B20666C61670D0A87
:1040080000000000256868780000000025686875D1
:104018000000000025643A25730D0A00422C533035
:104028000D0A0000422C53310D0A0000422C533275
:104038000D0A000025630D0A00000000256C7500BC
:10404800313A20467265713D20256420487A0D0A70
:1040580000000000323A20506F7765723D202564D9
:104068002064426D0D0A0000333A2042616E647785
:10407800696474683D20256420487A0D0A000000B0
:10408800343A2046534B2064617461726174653D13
:10409800202564206270730D0A000000353A204321
:1040A8006F64696E672052617465206E6F74206159
:1040B80070706C696361626C650D0A00363A204C59
:1040C8004E412053746174653D20256420200D0AFB
:1040D80000000000373A20504120426F6F7374206F
:1040E80053746174653D20256420200D0A0000008A
:1040F800383A206D6F64756C6174696F6E20465331
:104108004B0D0A00383A206D6F64756C6174696FE5
:104118006E204D534B0D0A00393A205061796C6F6F
:104128006164206C656E3D20256420427974657356
:104138000D0A000031303A2046534B2064657669F9
:104148006174696F6E3D20256420487A0D0A00006D
:1041580031303A2046534B20646576696174696F43
:104168006E20666F7263656420746F2046534B201F
:1041780064617461726174652F340D0A0000000077
:1041880031313A204C6F7744526F7074206E6F74DF
:10419800206170706C696361626C650D0A000000D3
:1041A80031323A2046534B20676175737369616EEB
:1041B8002042542070726F647563743D202564201A
:1041C8000D0A0000333A2042616E647769647468AE
:1041D8003D20256420283D256420487A290D0A00C1
:1041E800343A2053463D202564200D0A0000000083
:1041F800353A2043523D20256420283D342F25643C
:1042080029200D0A00000000383A206D6F64756C93
:104218006174696F6E204C4F52410D0A0000000016
:1042280031303A204672657175656E637920646530
:1042380076696174696F6E206E6F74206170706C3E
:10424800696361626C650D0A0000000031313A2033
:104258004C6F7744526F70745B3020746F20325DFE
:104268003D202564200D0A0031322042542070720E
:104278006F64756374206E6F74206170706C69630D
:1042880061626C650D0A0000343A204250534B209D
:1042980064617461726174653D2025642062707385
:1042A8000D0A000025643A25643A25643A25643AE3
:1042B80025642F25643A25643A25643A25643A250D
:1042C800643A25643A25643A2564000041542B5425
:1042D80054583A206E62207061636B657473207362
:1042E800656E74206973206D697373696E670D0A52
:1042F8000000000041542B5452583A206E62206549
:1043080078706563746564207061636B657473208D
:104318006973206D697373696E670D0A0000000088
:1043280025752C25752C25752C2575005478204865
:104338006F70206174202564487A2E202564206FD0
:10434800662025640D0A0000546573742053746F49
:10435800700D0A004153393233000000415539319C
:1043680035000000434E343730000000434E3737E5
:1043780039000000455534333300000045553836C0
:10438800380000004B52393230000000494E3836B0
:104398003500000055533931350000005255383684
:1043A800340000003100000032000000430000002B
:1043B800435F4D430000000050000000505F4D4334
:1043C8000000000041542B3C434D443E3F20202038
:1043D80020202020203A2048656C70206F6E203CF9
:1043E800434D443E0D0A41542B3C434D443E20204E
:1043F800202020202020203A2052756E203C434D5A
:10440800443E0D0A41542B3C434D443E3D3C7661AD
:104418006C75653E203A2053657420746865207673
:10442800616C75650D0A41542B3C434D443E3D3F3C
:10443800202020202020203A2047657420746865B9
:104448002076616C75650D0A000000002B564552F8
:104458000000000041542B564552204765742074D3
:1044680068652046572076657273696F6E0D0A007D
:104478002B564C0041542B564C3D3C4C6576656C94
:104488003E3C43523E2E2053657420746865205686
:104498006572626F7365204C6576656C3D5B303A7A
:1044A8004F6666202E2E20333A486967685D0D0AEC
:1044B800000000002B4C54494D45000041542B4C42
:1044C80054494D452047657420746865206C6F63B6
:1044D800616C2074696D6520696E205554432066AF
:1044E8006F726D61740D0A005A00000041545A2021
:1044F800547269672061204D435520726573657455
:104508000D0A00002B5246530000000041542B5264
:1045180046533A20526573746F7265204545505270
:104528004F4D20466163746F7279205365747469C6
:104538006E67730D0A0000002B43530041542B4350
:10454800533A2053746F72652063757272656E7486
:1045580020636F6E7465787420746F2045455052DF
:104568004F4D0D0A000000002B41505045554900A1
:1045780041542B4150504555493D3C58583A58589C
:104588003A58583A58583A58583A58583A58583A57
:1045980058583E3C43523E2E20476574206F722087
:1045A8005365742074686520417070204575690DE5
:1045B8000A0000002B4E574B4B45590041542B4ED7
:1045C800574B4B45593D3C58583A58583A58583A21
:1045D80058583A58583A58583A58583A58583A58E9
:1045E800583A58583A58583A58583A58583A5858D9
:1045F8003A58583A58583E3C43523E3A2047657418
:10460800206F722053657420746865204E65747736
:104618006F726B204B65790D0A0000002B415050DA
:104628004B45590041542B4150504B45593D3C583E
:10463800583A58583A58583A58583A58583A585888
:104648003A58583A58583A58583A58583A58583A96
:1046580058583A58583A58583A58583A58583E3C80
:1046680043523E3A20476574206F72205365742088
:10467800746865204170706C69636174696F6E203D
:104688004B65790D0A0000002B4E574B534B45598B
:104698000000000041542B4E574B534B45593D3CAD
:1046A80058583A58583A58583A58583A58583A5818
:1046B800583A58583A58583A58583A58583A585808
:1046C8003A58583A58583A58583A58583A58583E12
:1046D8003C43523E3A20476574206F7220536574FC
:1046E80020746865204E6574776F726B205365730C
:1046F80073696F6E204B65790D0A00002B4150508D
:10470800534B45590000000041542B415050534B26
:1047180045593D3C58583A58583A58583A58583AD2
:1047280058583A58583A58583A58583A58583A5897
:10473800583A58583A58583A58583A58583A585887
:104748003A58583E3C43523E3A20476574206F72AF
:104758002053657420746865204170706C696361CA
:1047680074696F6E2053657373696F6E204B65793A
:104778000D0A00002B4441444452000041542B448C
:10478800414444523D3C58585858585858583E3C53
:1047980043523E2E20476574206F72205365742063
:1047A8007468652044657669636520616464726530
:1047B80073730D0A000000002B44455549000000A2
:1047C80041542B444555493D3C58583A58583A5855
:1047D800583A58583A58583A58583A58583A5858E7
:1047E8003E3C43523E2E20476574206F722053652D
:1047F8007420746865204465766963652045554969
:104808000D0A00002B4E574B4944000041542B4ED3
:10481800574B49443D3C4E776B49443E3C43523EDE
:104828002E20476574206F72205365742074686564
:10483800204E6574776F726B2049443D5B302E2E95
:104848003132375D0D0A00002B4A4F494E000000F7
:1048580041542B4A4F494E3D3C4D6F64653E3C43A5
:10486800523E2E204A6F696E206E6574776F726BA8
:104878002077697468204D6F64653D5B303A41422A
:10488800502C20313A4F5441415D0D0A0000000080
:104898002B4C494E4B43000041542B4C494E4B4343
:1048A8002E2050696767796261636B2061204C69CB
:1048B8006E6B20436865636B205265717565737410
:1048C80020746F20746865206E6578742075706C2C
:1048D800696E6B0D0A0000002B53454E4400000022
:1048E80041542B53454E443D3C506F72743E3A3C04
:1048F80041636B3E3A3C5061796C6F61643E3C4366
:10490800523E2E2053656E642062696E6172792072
:1049180064617461207769746820746865206170C7
:10492800706C69636174696F6E20506F72743D5B5F
:10493800312E2E3139395D20616E642041636B3D23
:104948005B303A756E636F6E6669726D65642C20B4
:10495800313A636F6E6669726D65645D0D0A0000B9
:104968002B4144520000000041542B4144523D3C2D
:104978004144523E3C43523E2E20476574206F729C
:104988002053657420746865204164617074697689
:104998006520446174612052617465207365747484
:1049A800696E67204144523D5B303A6F66662C2041
:1049B800313A6F6E5D0D0A002B44520041542B446E
:1049C800523D3C44617461526174653E3C43523EC1
:1049D8002E20476574206F722053657420746865B3
:1049E8002054782044617461526174653D5B302EB7
:1049F8002E375D0D0A0000002B42414E4400000096
:104A080041542B42414E443D3C42616E6449443E10
:104A18003C43523E2E20476574206F7220536574C4
:104A280020746865204163746976652052656769FA
:104A38006F6E2042616E6449443D5B303A415339A0
:104A480032332C20313A41553931352C20323A4312
:104A58004E3437302C20333A434E3737392C2034F4
:104A68003A45553433332C20353A45553836382CA9
:104A780020363A4B523932302C20373A494E3836A4
:104A8800352C20383A55533931352C20393A52557E
:104A98003836345D0D0A00002B434C415353000057
:104AA80041542B434C4153533D3C436C6173733E1B
:104AB8003C43523E2E20476574206F722053657424
:104AC800207468652044657669636520436C61736A
:104AD800733D5B412C20422C20435D0D0A000000F1
:104AE8002B4443530000000041542B4443533D3CA6
:104AF800447574794379636C653E3C43523E2E207D
:104B0800476574206F72205365742074686520456A
:104B180054534920447574794379636C653D5B301F
:104B28003A64697361626C652C20313A656E616222
:104B38006C655D202D204F6E6C7920666F72207435
:104B4800657374696E670D0A000000002B4A4E31C8
:104B5800444C000041542B4A4E31444C3D3C446582
:104B68006C61793E3C43523E2E20476574206F723B
:104B78002053657420746865204A6F696E2041630C
:104B8800636570742044656C61792062657477652B
:104B9800656E2074686520656E64206F6620746891
:104BA8006520547820616E6420746865204A6F69B6
:104BB8006E2052782057696E646F77203120696EB5
:104BC800206D730D0A0000002B4A4E32444C000041
:104BD80041542B4A4E32444C3D3C44656C61793E0D
:104BE8003C43523E2E20476574206F7220536574F3
:104BF80020746865204A6F696E204163636570742C
:104C08002044656C6179206265747765656E2074EF
:104C1800686520656E64206F662074686520547826
:104C280020616E6420746865204A6F696E2052782E
:104C38002057696E646F77203220696E206D730D7E
:104C48000A0000002B525831444C000041542B52AA
:104C58005831444C3D3C44656C61793E3C43523E7E
:104C68002E20476574206F72205365742074686520
:104C78002064656C6179206265747765656E20745F
:104C8800686520656E64206F6620746865205478B6
:104C980020616E64207468652052782057696E64BC
:104CA8006F77203120696E206D730D0A00000000B7
:104CB8002B525832444C000041542B525832444C29
:104CC8003D3C44656C61793E3C43523E2E2047652D
:104CD80074206F7220536574207468652064656C55
:104CE8006179206265747765656E207468652065F2
:104CF8006E64206F662074686520547820616E6445
:104D0800207468652052782057696E646F77203266
:104D180020696E206D730D0A000000002B52583276
:104D28004452000041542B52583244523D3C446195
:104D38007461526174653E3C43523E2E204765744F
:104D4800206F722053657420746865205278322071
:104D580077696E646F772044617461526174653D50
:104D68005B302E2E375D0D0A000000002B525832A2
:104D78004651000041542B52583246513D3C467230
:104D880065713E3C43523E2E20476574206F722069
:104D980053657420746865205278322077696E6490
:104DA8006F77204672657120696E20487A0D0A0077
:104DB8002B5458500000000041542B5458503D3C8F
:104DC800506F7765723E3C43523E2E2047657420F3
:104DD8006F722053657420746865205472616E7315
:104DE8006D697420506F7765723D5B302E2E3135BA
:104DF8005D2876616C69642072616E676520616305
:104E0800636F7264696E6720746F20726567696F7B
:104E18006E290D0A000000002B5047534C4F5400D8
:104E280041542B5047534C4F543D3C506572696F69
:104E3800643E3C43523E2E20536574206F722047D7
:104E480065742074686520756E6963617374207079
:104E5800696E6720736C6F7420506572696F643D6A
:104E68005B303A3173202E2E20373A313238735D59
:104E7800283D325E506572696F64290D0A00000092
:104E88002B54544F4E45000041542B54544F4E451B
:104E98002053746172747320524620546F6E6520DB
:104EA800746573740D0A00002B5452535349000063
:104EB80041542B54525353492053746172747320D4
:104EC8005246205253534920746F6E65207465739F
:104ED800740D0A002B54434F4E46000041542B5486
:104EE800434F4E463D3C4672657120696E20487AB4
:104EF8003E3A3C506F77657220696E2064426D3E81
:104F08003A3C4C6F72612042616E647769647468E0
:104F1800203C3020746F20363E2C206F722052784F
:104F28002046534B2042616E647769647468206937
:104F38006E20487A3E3A3C4C6F7261205346206F8F
:104F4800722046534B206461746172617465202835
:104F5800627073293E3A3C436F64696E67526174AC
:104F68006520342F352C20342F362C20342F372C25
:104F780020342F383E3A0D0A2020202020202020DF
:104F8800203C4C6E613E3A3C504120426F6F737436
:104F98003E3A3C4D6F64756C6174696F6E20303AAF
:104FA80046534B2C20313A4C6F72612C20323A42D6
:104FB80050534B2C20333A4D534B3E3A3C50617979
:104FC8006C6F61644C656E20696E204279746573FC
:104FD8003E3A3C46736B446576696174696F6E202E
:104FE800696E20487A3E3A3C4C6F7744724F707431
:104FF80020303A6F66662C20313A6F6E2C20323A98
:105008004175746F3E3A0D0A202020202020202070
:10501800203C425470726F647563743A20303A6E63
:105028006F20476175737369616E2046696C74659A
:1050380072204170706C6965642C20313A42543D8D
:10504800302C332C20323A42543D302C352C20332E
:105058003A42543D302C372C20343A42543D313EAC
:105068003C43523E2E20436F6E6669677572652019
:10507800524620746573740D0A41542B54434F4EA5
:10508800463D3836383030303030303A31343A35C1
:10509800303030303A35303030303A342F353A30DD
:1050A8003A303A303A31363A32353030303A323AAC
:1050B80033202F2A46534B2A2F0D0A41542B544391
:1050C8004F4E463D3836383030303030303A313453
:1050D8003A31303030303A31303030303A342F35A0
:1050E8003A303A303A333A31363A32353030303A6B
:1050F800323A33202F2A4D534B2A2F0D0A41542B75
:1051080054434F4E463D3836383030303030303AE0
:1051180031343A343A31323A342F353A303A303A37
:10512800313A31363A32353030303A323A33202F4C
:105138002A4C4F52412A2F0D0A0000002B54545874
:105148000000000041542B5454583D3C5061636B9F
:1051580065744E623E3C43523E2E20537461727415
:105168007320524620547820746573743A204E6236
:10517800206F66207061636B6574732073656E744D
:105188000D0A00002B5452580000000041542B54C3
:1051980052583D3C5061636B65744E623E3C4352CD
:1051A8003E2E205374617274732052462052782028
:1051B800746573743A204E62206F66207061636B69
:1051C8006574732065787065637465640D0A000002
:1051D8002B5454480000000041542B5454483D3C83
:1051E8004673746172743E2C3C4673746F703E2C27
:1051F8003C4664656C74613E2C3C5061636B65741D
:105208004E623E3C43523E2E2053746172747320AA
:10521800524620547820686F7070696E67207465F4
:1052280073742066726F6D20467374617274207493
:105238006F204673746F7020696E20487A206F72F1
:10524800204D487A2C204664656C746120696E2074
:10525800487A0D0A000000002B544F464600000013
:1052680041542B544F46462053746F7073206F6E11
:105278002D676F696E6720524620746573740D0A36
:10528800000000002B4345525449460041542B432B
:1052980045525449463D3C4D6F64653E3C43523E41
:1052A8002E2053657420746865206D6F64756C6575
:1052B80020696E204C6F726157616E20436572746D
:1052C800696669636174696F6E2077697468204ADA
:1052D8006F696E204D6F64653D5B303A4142502CDA
:1052E80020313A4F5441415D0D0A00002B42415490
:1052F8000000000041542B4241542047657420743B
:1053080068652062617474657279204C6576656C95
:1053180020696E206D560D0A000000000D0A4F4BE3
:105328000D0A00000D0A41545F4552524F520D0AB2
:10533800000000000D0A41545F504152414D5F4545
:1053480052524F520D0A00000D0A41545F42555304
:10535800595F4552524F520D0A0000000D0A415440
:105368005F544553545F504152414D5F4F5645522B
:10537800464C4F570D0A00000D0A41545F4E4F5FCF
:105388004E4554574F524B5F4A4F494E45440D0ABC
:10539800000000000D0A41545F52585F4552524FB9
:1053A800520D0A000D0A41545F4E4F5F434C415362
:1053B800535F425F454E41424C450D0A00000000D4
:1053C8000D0A41545F445554594359434C455F5263
:1053D8004553545249435445440D0A000D0A41545B
:1053E8005F43525950544F5F4552524F520D0A0075
:1053F8000D0A6572726F7220756E6B6E6F776E0D27
:105408000A00000054440108040000003D2300087D
:10541800D1200008D12000085C4401087844010824
:1054280003000000ED230008FD230008D120000838
:105438007C440108BC440108060000004D24000813
:10544800D1200008D1200008C4440108F044010814
:1054580001000000D1200008D1200008A524000880
:10546800F44401080C45010804000000D12000089C
:10547800D1200008AD240008144501084045010862
:1054880003000000D1200008D1200008C92400082A
:105498004445010870450108070000000925000877
:1054A80029250008D120000878450108BC450108D5
:1054B800070000007925000899250008D120000878
:1054C800C44501082446010807000000BF2500085C
:1054D800DF250008D12000082C4601089046010865
:1054E800080000000526000825260008D12000082D
:1054F8009C46010804470108080000004B260008E4
:105508006B260008D1200008104701087C470108D5
:105518000600000091260008AF260008D1200008E8
:1055280084470108C047010805000000D326000889
:10553800F1260008D1200008C84701080C480108D6
:10554800060000004127000861270008D120000854
:10555800144801085048010805000000D12000083F
:1055680091270008D12000085848010898480108E8
:1055780006000000D1200008D1200008B927000843
:10558800A0480108E048010805000000D1200008F3
:10559800C9270008D1200008E8480108684901081F
:1055A800040000002129000843290008D120000830
:1055B80070490108C049010803000000612900087A
:1055C80085290008D1200008C4490108004A0108BB
:1055D80005000000BD2900081D2A0008D120000888
:1055E800084A0108A04A010806000000512A0008DC
:1055F800092B0008D1200008A84A0108E84A010838
:1056080004000000712B0008932B0008D12000082B
:10561800F04A0108544B010806000000B12B0008AD
:10562800D12B0008D12000085C4B0108D04B0108A1
:1056380006000000FD2B00081D2C0008D1200008E2
:10564800D84B01084C4C010806000000492C000802
:10565800692C0008D1200008544C0108B84C0108F6
:1056680006000000952C0008B52C0008D120000881
:10567800C04C0108244D010806000000E12C000878
:10568800FD2C0008D12000082C4D0108744D01089C
:1056980006000000392D0008512D0008D12000080F
:1056A8007C4D0108B84D010804000000852D000854
:1056B800A92D0008D1200008C04D0108204E01087E
:1056C80007000000D92D0008FD2D0008D120000892
:1056D800284E0108884E010806000000D120000865
:1056E800D1200008312E0008904E0108B04E010864
:1056F80006000000D1200008D12000083F2E000835
:10570800B84E0108DC4E0108060000004D2E0008C6
:1057180069300008D1200008E44E0108445101080E
:1057280004000000D120000859320008D1200008E8
:105738004C5101088C51010804000000D1200008D8
:1057480091320008D120000894510108D85101086D
:1057580004000000D1200008C9320008D120000848
:10576800E05101086052010805000000D12000083E
:10577800D120000865330008685201088C520108DE
:1057880007000000D120000881330008D12000085C
:1057980094520108F452010804000000D9330008AB
:1057A800D1200008D1200008FC5201082453010828
:1057B8002C5301083C530108505301086453010855
:1057C800805301089C530108AC530108C8530108D1
:1057D800E4530108F853010854782046534B2054E9
:1057E8006573740D0A00000052782046534B20540C
:1057F8006573740D0A0000003E3E3E205253534923
:105808002056616C75653D2025642064426D0D0A43
:1058180000000000547820546573740D0A000000DD
:105828005478202564206F662025640D0A00000046
:105838004F6E5478446F6E650D0A00004F6E5478B1
:1058480054696D656F75740D0A0000004F6E5278CB
:105858004572726F720D0A004F6E5278446F6E6512
:105868000D0A00005273736956616C75653D2564B5
:105878002064426D2C2063666F3D25646B487A0D69
:105888000A0000005273736956616C75653D2564A2
:105898002064426D2C20536E7256616C75653D25EF
:1058A8006464420D0A0000004F6E527854696D65B9
:1058B8006F75740D0A0000005278202564206F6609
:1058C80020256420203E3E3E205045523D20256440
:1058D8002025250D0A000000A0860100400D0300C8
:1058E800801A060000350C0040420F0080841E001C
:1058F80000093D0000127A000024F40000366E0111
:105908000048E801006CDC02000000000000000014
:10591800000000000000000000000000000000007F
:10592800000000000000000001000000020000006C
:105938000300000004000000010000000300000054
:105948000500000001000000010000000600000042
:105958000A0000002000000002000000040000000F
:105968000800000010000000400000008000000057
:10597800000100000002000001000200040006000F
:1059880008000A000C001000200040008000000100
:1059980008040204080101010101010307010000D4
:1059A8006572726F723A20526567696F6E2069730B
:1059B800206E6F7420646566696E656420696E2068
:1059C800746865204D573A20736574206C6F726156
:1059D80077616E5F636F6E662E68206163636F72B6
:1059E80064696E676C790D0A000000004D41432020
:1059F800727854696D654F75740D0A004D414320E6
:105A0800747854696D654F75740D0A004D414320D3
:105A18007278446F6E650D0A000000004D41432006
:105A28007478446F6E650D0A00000000080A0C0DBA
:105A38000E10121415181A1B1D1E21240202020230
:105A4800020202020202020202020203020202022D
:105A58000202030403020202020204050403020212
:105A680002020506050403020202060706050403EE
:105A780002020707070605040302070700000000E3
:105A88000000010201000000000002030201000002
:105A980000000304030201000000040504030201DE
:105AA80000000506050403020100060706050403B5
:105AB80002010707070605040302070700000B3564
:105AC8007DF2F2F233337373DEDEDEDE333373736B
:105AD800F2F2F2F248E8010048E8010048E8010063
:105AE80048E8010048E8010048E8010090D00300B8
:105AF800000000000C0B0A090807073252585F25FE
:105B080073206F6E206672657120256420487A20A4
:105B180061742044522025640D0A00005258206FF9
:105B28006E206672657120256420487A2061742091
:105B380044522025640D0A005458206F6E20667266
:105B4800657120256420487A2061742044522025FC
:105B5800640D0A004D756C74695F43004D756C7473
:105B6800695F5000AC430108B0430108B443010821
:105B78005C5B0108C0430108645B0108A584998D3A
:105B88000DBDB1545003A97D1962E69A459D408721
:105B980015EBC90BEC67FDEABFF7965BC21CAE6A52
:105BA8005A41024F5CF434089373533F0C52655EBC
:105BB80028A10FB509369B3D2669CD9F1B9E742EE3
:105BC8002DB2EEFBF64D61CE7B3E7197F568002C49
:105BD800601FC8EDBE46D94BDED4E84A6B2AE516ED
:105BE800C5D75594CF100681F044BAE3F3FEC08AB6
:105BF800ADBC4804DFC17563301A0E6D4C14352FE7
:105C0800E1A2CC3957F28247ACE72B95A098D17F17
:105C1800667EAB83CA29D33C79E21D763B564E1E7D
:105C2800DB0A6CE45D6EEFA6A8A4378B324359B744
:105C38008C64D2E0B4FA0725AF8EE918D5886F7264
:105C480024F1C751237C9C21DDDC86859042C4AABF
:105C5800D8050112A35FF9D0915827B93813B33387
:105C6800BB7089A7B622922049FF787A8FF88017EF
:105C7800DA31C6B8C3B07711CBFCD63AC6F8EEF61F
:105C8800FFD6DE916002CE56E7B54DEC8F1F89FA3C
:105C9800EFB28EFB41B35F452353E49B75E13D4C66
:105CA8006C7EF5836851D1F9E2AB622A0895469D6E
:105CB80030370A2F0E241BDFCD4E7FEA121D5834D1
:105CC80036DCB45BA476B77D52DD5E13A6B900C19D
:105CD80040E379B6D48D67729498B085BBC54FED13
:105CE800869A66118AE904FEA078254BA25D800594
:105CF8003F2170F16377AF4220E5FDBF811826C3CD
:105D0800BE35882E9355FC7AC8BA32E6C0199EA3D0
:105D180044543B0B8CC76B28A7BC16ADDB647414CA
:105D2800920C48B89FBD43C43931D3F2D58B6EDA93
:105D380001B19C49D8ACF3CFCAF447106FF04A5C64
:105D480038577397CBA1E83E96610D0FE07C71CC74
:105D58009006F71CC26AAE6917993A27D9EB2B222D
:105D6800D2A907332D3C15C987AA50A50359091A8A
:105D780065D784D082295A1E7BA86D2C637C777BDB
:105D8800F26B6FC53001672BFED7AB76CA82C97D2F
:105D9800FA5947F0ADD4A2AF9CA472C0B7FD9326C0
:105DA800363FF7CC34A5E5F171D8311504C723C3C4
:105DB8001896059A071280E2EB27B27509832C1A08
:105DC8001B6E5AA0523BD6B329E32F8453D100ED62
:105DD80020FCB15B6ACBBE394A4C58CFD0EFAAFB46
:105DE800434D338545F9027F503C9FA851A3408F0E
:105DF800929D38F5BCB6DA2110FFF3D2CD0C13EC26
:105E08005F974417C4A77E3D645D197360814FDCBA
:105E1800222A908846EEB814DE5E0BDBE0323A0A9E
:105E28004906245CC2D3AC629195E479E7C8376D22
:105E38008DD54EA96C56F4EA657AAE08BA78252E47
:105E48001CA6B4C6E8DD741F4BBD8B8A703EB566D0
:105E58004803F60E613557B986C11D9EE1F89811C1
:105E680069D98E949B1E87E9CE5528DF8CA1890DB0
:105E7800BFE6426841992D0FB054BB162323232354
:105E8800232320257320253032583A253032583ABA
:105E9800253032583A253032583A253032583A258A
:105EA8003032583A253032583A253032583A25306F
:105EB80032583A253032583A253032583A2530325D
:105EC800583A253032583A253032583A2530325827
:105ED8003A253032580D0A00232323232323204454
:105EE80065764555493A2020202020202530325813
:105EF8003A253032583A253032583A253032583A15
:105F0800253032583A253032583A253032583A2519
:105F18003032580D0A000000232323232323204175
:105F280070704555493A20202020202025303258CD
:105F38003A253032583A253032583A253032583AD4
:105F4800253032583A253032583A253032583A25D9
:105F58003032580D0A000000232323232323204432
:105F68006576416464723A2020202020253032581A
:105F78003A253032583A253032583A253032580DC1
:105F88000A0000004170704B65793A2020202020DB
:105F9800000000004E776B4B65793A2020202020C6
:105FA800000000004E776B534B65793A2020202083
:105FB80000000000417070534B65793A2020202082
:105FC800000000004442496E744B65793A20202055
:105FD800000000004D43526F6F744B65793A2020E2
:105FE800000000004D434B454B65793A20202020A6
:105FF800000000004D43417070534B65795F303AA3
:10600800000000004D434E776B534B65795F303A83
:1060180000000000000000004150505F8C5F010844
:10602800010000004E574B5F9C5F0108080000000C
:106038004E574B53AC5F01080900000041505053C4
:10604800BC5F01080A0000004442495FCC5F0108B8
:106058000B0000004D435254DC5F01080C000000A7
:106068004D434B45EC5F01080D0000004D434B309C
:10607800FC5F01080E0000004D415330FC5F010831
:106088000F0000004D4E53300C6001081000000056
:106098005A45524FD84001084952515F52585F54EF
:1060A800585F54494D454F55540D0A0050524520EC
:1060B8004F4B0D0A0000000053594E43204F4B0D23
:1060C8000A000000484452204F4B0D0A000000000F
:1060D800484452204B4F0D0A000000004952515FBE
:1060E8004352435F4552524F520D0A005261646950
:1060F8006F53656E64204F76657273697A650D0A11
:106108000000000004050600B1170108A3070108F4
:10611800750D0108890B010835170108610D010883
:1061280035150108A51301086D0401089505010836
:106138003D0C0108290C010899070108B90B010851
:10614800910B0108450B01083B0B0108A10601084A
:1061580099060108330B01082B0B01086106010899
:1061680061130108210B0108C50701082907010867
:10617800F5060108C9060108A9060108E110010889
:10618800D10D0108412501084725010859060108D4
:106198005D060108C01200001F000000A8160000DC
:1061A80017000000841C00000F000000E425000018
:1061B8001E000000B42D0000160000000839000081
:1061C8000E0000002C4C00001D000000685B000061
:1061D80015000000747200000D00000058980000BF
:1061E8001C00000034B7000014000000E8E40000C0
:1061F8000C000000783101001B000000686E0100EF
:106208001300000034CA01000B00000028620200DD
:106218001A00000040DB0200120000003C9303005B
:106228000A000000C0C204001900000060B30500A5
:1062380011000000382007000900000020A1070015
:106248000000000004030202010101010000000037
:106258000000000030313233343536373839616266
:10626800636465666768696A6B6C6D6E6F7071727E
:10627800737475767778797A00000000303132339C
:106288003435363738394142434445464748494A08
:106298004B4C4D4E4F505152535455565758595ACE
:1062A800000000003C4E554C4C3E00000000000031
:0862B800C09EFE7F0100000002
:0862C0005D0100080000000070
:0862C80039010008000000008C
:1062D00001000000000201000400000000000000B6
:1062E0000000000004000000401F00002915000805
:1062F000611500086D150008D9150008391D000842
:10630000311D0008191D0008111D000800000000C3
:10631000DD1C0008AD1C0008791C0008471C0008A3
:106320003B1C0008251C0008271C0008291C00082D
:106330002D1C0008391C000800000000700300201C
:106340000100000000A1BC330E00000004000000AA
:106350000C00000001000000000000000000000030
:1063600010000000A861000002000000030000000F
:1063700000093D001000000000000000640900203A
:106380000000000000000000FF000000000000000E
:106390006409002000000000000000000000000070
:1063A0000000000000000000640900200000FF0061
:1063B00000000000E0000000E9980008D593000804
:1063C000E193000839980008000000000000000078
:1063D00011940008ED930008EF93000800000000FE
:1063E000000000000000000000000000000E0F0D83
:1063F0000109081101000000FF000000FFFFFFFF7E
:08640000FFFFFFFF0000000098
:020000040803EF
:10E5000069694275420269110101010101010101BC
:10E510000000000000000000006969663090691288
:10E52000335B76E7AC32FE3D6E0169696630906917
:10E5300012335B76E7AC32FE3D6E08696966309057
:10E540006912335B76E7AC32FE3D6E09696966306D
:10E55000906912335B76E7AC32FE3D6E0A00000034
:10E56000000000000000000000000000000B0000A0
:10E5700000000000000000000000000000000C008F
:10E580000000000000000000000000000000000D7E
:10E59000000000000000000000000000000000007B
:10E5A0000E0000000000000000000000000000005D
:10E5B000000F00000000000000000000000000004C
:10E5C000000010000000000000000000000000003B
:08E5D000000000000000000043
:0400000508003F2987
:00000001FF
